--
-- PostgreSQL database dump
--

-- Dumped from database version 17.4
-- Dumped by pg_dump version 17.4

SET statement_timeout = 0;
SET lock_timeout = 0;
SET idle_in_transaction_session_timeout = 0;
SET transaction_timeout = 0;
SET client_encoding = 'UTF8';
SET standard_conforming_strings = on;
SELECT pg_catalog.set_config('search_path', '', false);
SET check_function_bodies = false;
SET xmloption = content;
SET client_min_messages = warning;
SET row_security = off;

SET default_tablespace = '';

SET default_table_access_method = heap;

--
-- Name: tbl_categorias_pdtos; Type: TABLE; Schema: public; Owner: postgres
--

CREATE TABLE public.tbl_categorias_pdtos (
    id integer NOT NULL,
    nome character varying(100) NOT NULL
);


ALTER TABLE public.tbl_categorias_pdtos OWNER TO postgres;

--
-- Name: categorias_id_seq; Type: SEQUENCE; Schema: public; Owner: postgres
--

CREATE SEQUENCE public.categorias_id_seq
    AS integer
    START WITH 1
    INCREMENT BY 1
    NO MINVALUE
    NO MAXVALUE
    CACHE 1;


ALTER SEQUENCE public.categorias_id_seq OWNER TO postgres;

--
-- Name: categorias_id_seq; Type: SEQUENCE OWNED BY; Schema: public; Owner: postgres
--

ALTER SEQUENCE public.categorias_id_seq OWNED BY public.tbl_categorias_pdtos.id;


--
-- Name: tbl_historico_precos_pdtos; Type: TABLE; Schema: public; Owner: postgres
--

CREATE TABLE public.tbl_historico_precos_pdtos (
    id integer NOT NULL,
    produto_id integer NOT NULL,
    preco text NOT NULL,
    coletado_em timestamp without time zone DEFAULT CURRENT_TIMESTAMP
);


ALTER TABLE public.tbl_historico_precos_pdtos OWNER TO postgres;

--
-- Name: historico_precos_id_seq; Type: SEQUENCE; Schema: public; Owner: postgres
--

CREATE SEQUENCE public.historico_precos_id_seq
    AS integer
    START WITH 1
    INCREMENT BY 1
    NO MINVALUE
    NO MAXVALUE
    CACHE 1;


ALTER SEQUENCE public.historico_precos_id_seq OWNER TO postgres;

--
-- Name: historico_precos_id_seq; Type: SEQUENCE OWNED BY; Schema: public; Owner: postgres
--

ALTER SEQUENCE public.historico_precos_id_seq OWNED BY public.tbl_historico_precos_pdtos.id;


--
-- Name: tbl_lojas; Type: TABLE; Schema: public; Owner: postgres
--

CREATE TABLE public.tbl_lojas (
    id integer NOT NULL,
    nome character varying(100) NOT NULL
);


ALTER TABLE public.tbl_lojas OWNER TO postgres;

--
-- Name: lojas_id_seq; Type: SEQUENCE; Schema: public; Owner: postgres
--

CREATE SEQUENCE public.lojas_id_seq
    AS integer
    START WITH 1
    INCREMENT BY 1
    NO MINVALUE
    NO MAXVALUE
    CACHE 1;


ALTER SEQUENCE public.lojas_id_seq OWNER TO postgres;

--
-- Name: lojas_id_seq; Type: SEQUENCE OWNED BY; Schema: public; Owner: postgres
--

ALTER SEQUENCE public.lojas_id_seq OWNED BY public.tbl_lojas.id;


--
-- Name: tbl_produtos_tela_ini; Type: TABLE; Schema: public; Owner: postgres
--

CREATE TABLE public.tbl_produtos_tela_ini (
    id integer NOT NULL,
    nome_produto character varying(255) NOT NULL,
    preco text NOT NULL,
    url text NOT NULL,
    imagem_url text,
    site_origem character varying(100) NOT NULL,
    criado_em timestamp without time zone DEFAULT CURRENT_TIMESTAMP
);


ALTER TABLE public.tbl_produtos_tela_ini OWNER TO postgres;

--
-- Name: produtos_id_seq; Type: SEQUENCE; Schema: public; Owner: postgres
--

CREATE SEQUENCE public.produtos_id_seq
    AS integer
    START WITH 1
    INCREMENT BY 1
    NO MINVALUE
    NO MAXVALUE
    CACHE 1;


ALTER SEQUENCE public.produtos_id_seq OWNER TO postgres;

--
-- Name: produtos_id_seq; Type: SEQUENCE OWNED BY; Schema: public; Owner: postgres
--

ALTER SEQUENCE public.produtos_id_seq OWNED BY public.tbl_produtos_tela_ini.id;


--
-- Name: tbl_pdtos_monitorados_usr; Type: TABLE; Schema: public; Owner: postgres
--

CREATE TABLE public.tbl_pdtos_monitorados_usr (
    id integer NOT NULL,
    usuario_id integer NOT NULL,
    produto_id integer NOT NULL,
    criado_em timestamp without time zone DEFAULT CURRENT_TIMESTAMP
);


ALTER TABLE public.tbl_pdtos_monitorados_usr OWNER TO postgres;

--
-- Name: produtos_monitorados_id_seq; Type: SEQUENCE; Schema: public; Owner: postgres
--

CREATE SEQUENCE public.produtos_monitorados_id_seq
    AS integer
    START WITH 1
    INCREMENT BY 1
    NO MINVALUE
    NO MAXVALUE
    CACHE 1;


ALTER SEQUENCE public.produtos_monitorados_id_seq OWNER TO postgres;

--
-- Name: produtos_monitorados_id_seq; Type: SEQUENCE OWNED BY; Schema: public; Owner: postgres
--

ALTER SEQUENCE public.produtos_monitorados_id_seq OWNED BY public.tbl_pdtos_monitorados_usr.id;


--
-- Name: tbl_pagina_produto; Type: TABLE; Schema: public; Owner: postgres
--

CREATE TABLE public.tbl_pagina_produto (
    id integer NOT NULL,
    avaliacao character varying(30),
    quant_avaliacao character varying(10),
    parcelas character varying(50),
    imagens_url jsonb,
    ficha_tecnica text,
    descr_completa text
);


ALTER TABLE public.tbl_pagina_produto OWNER TO postgres;

--
-- Name: tbl_pagina_produto_id_seq; Type: SEQUENCE; Schema: public; Owner: postgres
--

CREATE SEQUENCE public.tbl_pagina_produto_id_seq
    AS integer
    START WITH 1
    INCREMENT BY 1
    NO MINVALUE
    NO MAXVALUE
    CACHE 1;


ALTER SEQUENCE public.tbl_pagina_produto_id_seq OWNER TO postgres;

--
-- Name: tbl_pagina_produto_id_seq; Type: SEQUENCE OWNED BY; Schema: public; Owner: postgres
--

ALTER SEQUENCE public.tbl_pagina_produto_id_seq OWNED BY public.tbl_pagina_produto.id;


--
-- Name: tbl_produtos_categorias; Type: TABLE; Schema: public; Owner: postgres
--

CREATE TABLE public.tbl_produtos_categorias (
    produto_id integer NOT NULL,
    categoria_id integer NOT NULL
);


ALTER TABLE public.tbl_produtos_categorias OWNER TO postgres;

--
-- Name: tbl_usuarios; Type: TABLE; Schema: public; Owner: postgres
--

CREATE TABLE public.tbl_usuarios (
    id integer NOT NULL,
    nome character varying(100) NOT NULL,
    email character varying(150) NOT NULL,
    senha_hash character varying(200) NOT NULL,
    criado_em timestamp without time zone DEFAULT CURRENT_TIMESTAMP
);


ALTER TABLE public.tbl_usuarios OWNER TO postgres;

--
-- Name: usuarios_id_seq; Type: SEQUENCE; Schema: public; Owner: postgres
--

CREATE SEQUENCE public.usuarios_id_seq
    AS integer
    START WITH 1
    INCREMENT BY 1
    NO MINVALUE
    NO MAXVALUE
    CACHE 1;


ALTER SEQUENCE public.usuarios_id_seq OWNER TO postgres;

--
-- Name: usuarios_id_seq; Type: SEQUENCE OWNED BY; Schema: public; Owner: postgres
--

ALTER SEQUENCE public.usuarios_id_seq OWNED BY public.tbl_usuarios.id;


--
-- Name: vw_produtos_tl_inicial; Type: VIEW; Schema: public; Owner: postgres
--

CREATE VIEW public.vw_produtos_tl_inicial AS
 SELECT p.id AS produto_id,
    p.nome_produto,
    p.preco,
    p.url,
    p.imagem_url,
    p.site_origem,
    p.criado_em,
    c.id AS categoria_id,
    c.nome AS nome_categoria
   FROM ((public.tbl_produtos_tela_ini p
     JOIN public.tbl_produtos_categorias pc ON ((p.id = pc.produto_id)))
     JOIN public.tbl_categorias_pdtos c ON ((pc.categoria_id = c.id)))
  WHERE ((p.site_origem)::text <> 'Casas Bahia'::text);


ALTER VIEW public.vw_produtos_tl_inicial OWNER TO postgres;

--
-- Name: tbl_categorias_pdtos id; Type: DEFAULT; Schema: public; Owner: postgres
--

ALTER TABLE ONLY public.tbl_categorias_pdtos ALTER COLUMN id SET DEFAULT nextval('public.categorias_id_seq'::regclass);


--
-- Name: tbl_historico_precos_pdtos id; Type: DEFAULT; Schema: public; Owner: postgres
--

ALTER TABLE ONLY public.tbl_historico_precos_pdtos ALTER COLUMN id SET DEFAULT nextval('public.historico_precos_id_seq'::regclass);


--
-- Name: tbl_lojas id; Type: DEFAULT; Schema: public; Owner: postgres
--

ALTER TABLE ONLY public.tbl_lojas ALTER COLUMN id SET DEFAULT nextval('public.lojas_id_seq'::regclass);


--
-- Name: tbl_pagina_produto id; Type: DEFAULT; Schema: public; Owner: postgres
--

ALTER TABLE ONLY public.tbl_pagina_produto ALTER COLUMN id SET DEFAULT nextval('public.tbl_pagina_produto_id_seq'::regclass);


--
-- Name: tbl_pdtos_monitorados_usr id; Type: DEFAULT; Schema: public; Owner: postgres
--

ALTER TABLE ONLY public.tbl_pdtos_monitorados_usr ALTER COLUMN id SET DEFAULT nextval('public.produtos_monitorados_id_seq'::regclass);


--
-- Name: tbl_produtos_tela_ini id; Type: DEFAULT; Schema: public; Owner: postgres
--

ALTER TABLE ONLY public.tbl_produtos_tela_ini ALTER COLUMN id SET DEFAULT nextval('public.produtos_id_seq'::regclass);


--
-- Name: tbl_usuarios id; Type: DEFAULT; Schema: public; Owner: postgres
--

ALTER TABLE ONLY public.tbl_usuarios ALTER COLUMN id SET DEFAULT nextval('public.usuarios_id_seq'::regclass);


--
-- Data for Name: tbl_categorias_pdtos; Type: TABLE DATA; Schema: public; Owner: postgres
--

COPY public.tbl_categorias_pdtos (id, nome) FROM stdin;
1	iPhone
2	Samsung
3	Notebook
4	Smartwatch
5	Headphone
6	Smartphone
7	Outros
\.


--
-- Data for Name: tbl_historico_precos_pdtos; Type: TABLE DATA; Schema: public; Owner: postgres
--

COPY public.tbl_historico_precos_pdtos (id, produto_id, preco, coletado_em) FROM stdin;
1	16	236.58	2025-06-03 00:08:39.047855
2	17	126.65	2025-06-03 00:08:39.296255
3	16	236.58	2025-06-03 00:11:07.341056
4	17	126.65	2025-06-03 00:11:07.597532
5	16	236.58	2025-06-03 00:12:32.898708
6	17	126.65	2025-06-03 00:12:33.056933
7	16	236.58	2025-06-03 00:13:42.677515
8	17	126.65	2025-06-03 00:13:42.851172
9	18	548.06	2025-06-03 00:14:54.988014
10	16	236.58	2025-06-03 00:14:55.268401
11	18	548.06	2025-06-03 00:16:02.633263
12	16	236.58	2025-06-03 00:16:02.940046
13	19	1099900.00	2025-06-03 00:17:23.618975
14	16	23658.00	2025-06-03 00:17:23.775825
15	17	12665.00	2025-06-03 00:17:23.922226
16	21	236.58	2025-06-03 00:19:40.608801
17	22	126.65	2025-06-03 00:19:40.771287
18	21	236.58	2025-06-03 00:20:22.777535
19	22	126.65	2025-06-03 00:20:23.035131
20	23	11.00	2025-06-03 00:22:16.181319
21	21	236.58	2025-06-03 00:22:16.319159
22	22	126.65	2025-06-03 00:22:16.454351
23	1	11.00	2025-06-03 00:25:05.731682
24	2	236.58	2025-06-03 00:25:05.888113
25	3	126.65	2025-06-03 00:25:06.133324
26	1	236.58	2025-06-03 00:39:01.488794
27	2	11.00	2025-06-03 00:39:01.629072
28	3	56.61	2025-06-03 00:39:01.767838
29	4	4.55	2025-06-03 00:45:12.074781
30	5	4.55	2025-06-03 00:45:12.205199
31	6	4.09	2025-06-03 00:45:12.333908
32	7	4734.81	2025-06-03 00:49:31.091158
33	8	4439.00	2025-06-03 00:49:31.22085
34	9	11369.00	2025-06-03 00:49:31.348833
35	10	110.19	2025-06-03 00:57:07.15492
36	11	69.00	2025-06-03 00:57:07.260559
37	12	648.90	2025-06-03 00:57:07.36298
38	13	2699.10	2025-06-03 00:57:07.463546
39	14	4399.00	2025-06-03 01:02:26.006543
40	15	3689.00	2025-06-03 01:02:27.52572
41	16	3689.00	2025-06-03 01:02:27.66508
42	17	989.00	2025-06-03 01:02:27.870408
43	1	236.58	2025-06-03 01:02:54.453311
44	2	11.00	2025-06-03 01:02:54.688751
45	3	56.61	2025-06-03 01:02:54.821729
46	4	4.55	2025-06-03 01:03:00.997937
47	5	4.55	2025-06-03 01:03:01.126757
48	6	4.09	2025-06-03 01:03:01.258455
49	7	4734.81	2025-06-03 01:03:10.74986
50	8	4439.00	2025-06-03 01:03:10.877057
51	9	11369.00	2025-06-03 01:03:11.008475
52	18	1799.10	2025-06-03 01:03:30.886496
53	19	1799.10	2025-06-03 01:03:30.990162
54	20	1699.00	2025-06-03 01:03:31.09507
55	12	648.90	2025-06-03 01:03:31.301191
56	1	236.58	2025-06-03 01:07:03.69314
57	2	11.00	2025-06-03 01:07:03.922649
58	3	56.61	2025-06-03 01:07:04.156762
59	4	4.55	2025-06-03 01:07:13.212181
60	5	4.55	2025-06-03 01:07:13.34429
61	6	4.09	2025-06-03 01:07:13.477365
62	7	4734.81	2025-06-03 01:07:24.812919
63	8	4439.00	2025-06-03 01:07:24.939466
64	9	11369.00	2025-06-03 01:07:25.066369
65	10	110.19	2025-06-03 01:07:47.636504
66	21	75.65	2025-06-03 01:07:47.837919
67	12	648.90	2025-06-03 01:07:47.938197
68	13	2699.10	2025-06-03 01:07:48.037209
69	22	2069.10	2025-06-03 01:08:06.380694
70	23	3599.10	2025-06-03 01:08:06.538746
71	24	2339.10	2025-06-03 01:08:07.804173
72	25	1969.00	2025-06-03 01:08:07.994518
73	1	11.00	2025-06-03 01:11:22.048659
74	2	236.58	2025-06-03 01:11:22.183392
75	3	56.61	2025-06-03 01:11:22.418946
76	4	4.55	2025-06-03 01:11:30.346625
77	5	4.55	2025-06-03 01:11:30.479338
78	6	4.09	2025-06-03 01:11:30.607647
79	7	4734.81	2025-06-03 01:11:41.902101
80	8	4439.00	2025-06-03 01:11:42.127359
81	9	11369.00	2025-06-03 01:11:42.251375
82	10	110.19	2025-06-03 01:12:03.856879
83	11	69.00	2025-06-03 01:12:03.953374
84	12	648.90	2025-06-03 01:12:04.049454
85	13	2699.10	2025-06-03 01:12:04.144215
86	14	1078.00	2025-06-03 01:12:13.984285
87	15	2339.10	2025-06-03 01:12:15.520935
88	16	899.00	2025-06-03 01:12:15.758149
89	17	1969.00	2025-06-03 01:12:15.982487
90	18	11.00	2025-06-03 01:17:40.585619
91	19	236.58	2025-06-03 01:17:40.723904
92	20	56.61	2025-06-03 01:17:40.860094
93	21	4.55	2025-06-03 01:17:48.772712
94	22	4.55	2025-06-03 01:17:49.013061
95	23	4.09	2025-06-03 01:17:49.251147
96	24	4734.81	2025-06-03 01:18:01.659324
97	25	4439.00	2025-06-03 01:18:01.79489
98	26	11369.00	2025-06-03 01:18:01.921031
99	27	110.19	2025-06-03 01:18:27.814032
100	28	75.65	2025-06-03 01:18:27.9135
101	29	648.90	2025-06-03 01:18:28.011945
102	30	2699.10	2025-06-03 01:18:28.112622
103	1	11.00	2025-06-03 01:30:28.880839
104	2	236.58	2025-06-03 01:30:29.118735
105	3	56.61	2025-06-03 01:30:29.250832
106	4	4.55	2025-06-03 01:30:37.80964
107	5	4.55	2025-06-03 01:30:37.941941
108	6	4.09	2025-06-03 01:30:38.075369
109	7	4734.81	2025-06-03 01:30:48.063189
110	8	4439.00	2025-06-03 01:30:48.190439
111	9	11369.00	2025-06-03 01:30:48.316965
112	10	110.19	2025-06-03 01:31:11.288013
113	11	98.79	2025-06-03 01:31:11.384053
114	12	648.90	2025-06-03 01:31:11.481511
115	13	2699.10	2025-06-03 01:31:11.578073
116	14	759.00	2025-06-03 01:31:25.655352
117	15	2069.10	2025-06-03 01:31:26.922528
118	16	2339.10	2025-06-03 01:31:27.146877
119	17	2199.00	2025-06-03 01:31:27.404625
120	1	11.00	2025-06-03 01:34:22.208732
121	2	236.58	2025-06-03 01:34:22.451117
122	3	56.61	2025-06-03 01:34:22.6936
123	4	4.55	2025-06-03 01:34:30.680331
124	5	4.55	2025-06-03 01:34:30.91277
125	6	4.09	2025-06-03 01:34:31.146351
126	7	4734.81	2025-06-03 01:34:43.939727
127	8	4439.00	2025-06-03 01:34:44.064884
128	9	11369.00	2025-06-03 01:34:44.190008
129	10	110.19	2025-06-03 01:35:06.722247
130	11	98.79	2025-06-03 01:35:06.824877
131	12	648.90	2025-06-03 01:35:06.926668
132	13	2699.10	2025-06-03 01:35:07.028313
133	14	759.00	2025-06-03 01:35:16.963317
134	15	2069.10	2025-06-03 01:35:17.220353
135	16	2339.10	2025-06-03 01:35:18.986761
136	17	2199.00	2025-06-03 01:35:19.255284
137	1	11.00	2025-06-03 01:44:30.354815
138	2	236.58	2025-06-03 01:44:30.498541
139	3	56.61	2025-06-03 01:44:30.63933
140	4	4.55	2025-06-03 01:44:38.728934
141	5	4.55	2025-06-03 01:44:38.87051
142	6	4.09	2025-06-03 01:44:39.121587
143	7	4734.81	2025-06-03 01:44:51.234735
144	8	4439.00	2025-06-03 01:44:51.372886
145	9	11369.00	2025-06-03 01:44:51.516389
146	10	110.19	2025-06-03 01:45:14.19257
147	11	98.79	2025-06-03 01:45:14.296068
148	12	648.90	2025-06-03 01:45:14.398016
149	13	2699.10	2025-06-03 01:45:14.500889
150	14	809.10	2025-06-03 01:45:25.16136
151	15	899.00	2025-06-03 01:45:26.452101
152	16	759.00	2025-06-03 01:45:26.656838
153	17	759.00	2025-06-03 01:45:26.818457
154	1	11.00	2025-06-03 01:49:14.028042
155	2	236.58	2025-06-03 01:49:14.262767
156	3	56.61	2025-06-03 01:49:14.411991
157	4	4.55	2025-06-03 01:49:22.473735
158	5	4.55	2025-06-03 01:49:22.712585
159	6	4.09	2025-06-03 01:49:22.844638
160	7	4734.81	2025-06-03 01:49:35.4183
161	8	4439.00	2025-06-03 01:49:35.545729
162	9	11369.00	2025-06-03 01:49:35.670773
163	10	110.19	2025-06-03 01:49:57.004076
164	11	98.79	2025-06-03 01:49:57.207408
165	12	648.90	2025-06-03 01:49:57.304551
166	13	2699.10	2025-06-03 01:49:57.507596
167	1	11.00	2025-06-03 01:59:33.538761
168	2	236.58	2025-06-03 01:59:33.67226
169	3	56.61	2025-06-03 01:59:33.808019
170	4	4.55	2025-06-03 01:59:42.245454
171	5	4.55	2025-06-03 01:59:42.380676
172	6	4.09	2025-06-03 01:59:42.510606
173	7	4734.81	2025-06-03 01:59:54.282711
174	8	4439.00	2025-06-03 01:59:54.411943
175	9	11369.00	2025-06-03 01:59:54.638285
176	10	94.99	2025-06-03 02:00:17.16082
177	11	1390.00	2025-06-03 02:00:17.35743
178	12	648.90	2025-06-03 02:00:17.453109
179	13	2699.10	2025-06-03 02:00:17.547703
180	14	1716.00	2025-06-03 02:00:27.307784
181	15	3599.10	2025-06-03 02:00:28.53128
182	16	1716.00	2025-06-03 02:00:28.718344
183	17	3599.10	2025-06-03 02:00:28.89361
184	18	9.50	2025-06-04 01:06:32.225672
185	19	241.20	2025-06-04 01:06:32.384825
186	20	5.10	2025-06-04 01:06:32.545148
187	21	56.61	2025-06-04 01:06:32.677635
188	18	9499.00	2025-06-04 01:07:49.915969
189	19	24120.00	2025-06-04 01:07:50.062045
190	20	5099.00	2025-06-04 01:07:50.318937
191	21	5661.00	2025-06-04 01:07:50.448393
192	22	359222.00	2025-06-04 01:07:50.576527
193	18	9.50	2025-06-04 01:12:14.289022
194	19	241.20	2025-06-04 01:12:14.448404
195	20	5.10	2025-06-04 01:12:14.602633
196	21	56.61	2025-06-04 01:12:14.865692
197	22	3592.22	2025-06-04 01:12:14.99575
198	23	1.28	2025-06-04 01:12:23.579073
199	6	1.28	2025-06-04 01:12:23.816354
200	24	779.00	2025-06-04 01:12:23.948785
201	25	779.00	2025-06-04 01:12:24.07824
202	26	3.80	2025-06-04 01:12:24.208674
203	8	4439.00	2025-06-04 01:12:35.097018
204	9	11369.00	2025-06-04 01:12:35.223409
205	27	4579.00	2025-06-04 01:12:35.353343
206	7	5087.15	2025-06-04 01:12:35.47855
207	28	6279.00	2025-06-04 01:12:35.628431
208	29	899.10	2025-06-04 01:13:03.412713
209	30	899.10	2025-06-04 01:13:03.508805
210	31	2159.10	2025-06-04 01:13:03.702803
211	32	329.00	2025-06-04 01:13:03.799867
212	12	699.00	2025-06-04 01:13:03.89498
213	33	3599.10	2025-06-04 01:13:13.960252
214	34	8999.10	2025-06-04 01:13:15.44248
215	35	3149.00	2025-06-04 01:13:15.678008
216	36	4499.91	2025-06-04 01:13:15.820656
217	102	3.699,00	2025-07-07 22:26:39.636747
218	103	99,00	2025-07-07 22:26:39.857848
219	104	249,00	2025-07-07 22:26:40.071714
220	105	2.678,00	2025-07-07 22:26:40.181084
221	106	4.399,00	2025-07-07 22:26:40.405258
222	107	4.679,00	2025-07-07 22:26:50.730837
223	108	4.679,90	2025-07-07 22:26:50.84125
224	24	2.898,00	2025-07-07 22:26:51.056666
225	109	2.898,00	2025-07-07 22:26:51.170063
226	110	3.839,00	2025-07-07 22:26:51.38451
227	27	4.579,00	2025-07-07 22:27:07.301345
228	111	6.469,73	2025-07-07 22:27:07.403842
229	112	6.545,87	2025-07-07 22:27:07.609915
230	113	12.749,00	2025-07-07 22:27:07.711006
231	114	11.369,00	2025-07-07 22:27:07.813231
232	31	1.969,00	2025-07-07 22:27:30.774149
233	115	4.949,10	2025-07-07 22:27:30.849285
234	116	1.304,10	2025-07-07 22:27:30.925099
235	12	649,00	2025-07-07 22:27:31.107834
236	117	1.259,10	2025-07-07 22:27:31.181545
237	118	3.509,10	2025-07-07 22:27:40.572278
238	119	649,00	2025-07-07 22:27:40.694835
239	120	899,10	2025-07-07 22:27:40.816013
240	121	649,00	2025-07-07 22:27:41.035947
241	122	3.699,00	2025-07-07 22:33:11.97471
242	123	99,00	2025-07-07 22:33:12.200892
243	124	249,00	2025-07-07 22:33:12.32612
244	125	2.678,00	2025-07-07 22:33:12.448691
245	126	4.399,00	2025-07-07 22:33:12.57578
246	127	4.679,00	2025-07-07 22:33:22.100434
247	128	4.679,90	2025-07-07 22:33:22.329568
248	129	2.898,00	2025-07-07 22:33:22.455534
249	130	2.898,00	2025-07-07 22:33:22.573427
250	131	3.839,00	2025-07-07 22:33:22.686074
251	132	4.579,00	2025-07-07 22:33:38.314921
252	133	6.469,73	2025-07-07 22:33:38.417893
253	134	6.545,87	2025-07-07 22:33:38.520183
254	135	12.749,00	2025-07-07 22:33:38.736215
255	136	11.369,00	2025-07-07 22:33:38.847169
256	137	1.969,00	2025-07-07 22:34:00.780251
257	138	1.304,10	2025-07-07 22:34:00.959795
258	139	649,00	2025-07-07 22:34:01.0356
259	140	1.259,10	2025-07-07 22:34:01.110696
260	141	1.664,10	2025-07-07 22:34:01.185829
261	142	1.619,10	2025-07-07 22:34:11.403234
262	143	989,10	2025-07-07 22:34:11.639904
263	144	1.665,00	2025-07-07 22:34:11.772827
264	145	1.619,10	2025-07-07 22:34:11.893611
265	146	3.699,00	2025-07-07 22:36:59.064802
266	147	99,00	2025-07-07 22:36:59.180003
267	148	249,00	2025-07-07 22:36:59.29402
268	149	2.678,00	2025-07-07 22:36:59.411189
269	150	4.399,00	2025-07-07 22:36:59.658959
270	151	4.679,00	2025-07-07 22:37:09.080081
271	152	4.679,90	2025-07-07 22:37:09.290284
272	153	2.898,00	2025-07-07 22:37:09.511086
273	154	2.898,00	2025-07-07 22:37:09.745479
274	155	3.839,00	2025-07-07 22:37:09.955963
275	156	4.579,00	2025-07-07 22:37:25.19131
276	157	6.469,73	2025-07-07 22:37:25.295051
277	158	6.545,87	2025-07-07 22:37:25.409522
278	159	12.749,00	2025-07-07 22:37:25.512607
279	160	11.369,00	2025-07-07 22:37:25.725195
280	161	1.969,00	2025-07-07 22:37:48.031793
281	162	1.304,10	2025-07-07 22:37:48.206058
282	163	649,00	2025-07-07 22:37:48.281454
283	164	1.259,10	2025-07-07 22:37:48.357849
284	165	1.664,10	2025-07-07 22:37:48.434502
285	166	5.100,00	2025-07-07 22:37:57.697471
286	167	3.779,10	2025-07-07 22:37:57.818305
287	168	850,00	2025-07-07 22:37:57.937958
288	169	989,00	2025-07-07 22:37:58.17632
289	170	899,10	2025-07-07 22:37:58.405567
290	171	1.399,00	2025-07-18 23:50:55.480181
291	171	1.399,00	2025-07-18 23:51:30.003865
292	172	217,93	2025-07-18 23:51:30.155865
293	173	159,99	2025-07-18 23:51:30.404531
294	174	386,91	2025-07-18 23:51:30.635259
295	175	159,99	2025-07-18 23:51:30.764758
296	171	1.399,00	2025-07-18 23:54:06.683093
297	172	217,93	2025-07-18 23:54:06.822519
298	173	159,99	2025-07-18 23:54:07.048874
299	174	386,91	2025-07-18 23:54:07.187471
300	175	159,99	2025-07-18 23:54:07.302641
301	171	1.399,00	2025-07-18 23:57:00.357036
302	172	217,93	2025-07-18 23:57:00.582486
303	173	159,99	2025-07-18 23:57:00.709949
304	174	386,91	2025-07-18 23:57:00.966372
305	175	159,99	2025-07-18 23:57:01.09084
306	171	1.399,00	2025-07-19 00:00:36.82301
307	172	217,93	2025-07-19 00:00:37.059585
308	173	159,99	2025-07-19 00:00:37.212754
309	175	159,99	2025-07-19 00:00:37.354068
310	176	54,99	2025-07-19 00:00:37.480376
311	171	1.399,00	2025-07-19 00:01:31.505943
312	172	217,93	2025-07-19 00:01:31.729052
313	173	159,99	2025-07-19 00:01:31.966022
314	175	159,99	2025-07-19 00:01:32.118931
315	176	54,99	2025-07-19 00:01:32.230641
316	171	1.399,00	2025-07-19 00:33:41.747144
317	172	217,93	2025-07-19 00:33:41.900734
318	177	160,69	2025-07-19 00:33:42.132693
319	178	13,03	2025-07-19 00:33:42.253524
320	179	43,26	2025-07-19 00:33:42.381859
321	171	1.399,00	2025-07-19 00:36:55.496757
322	172	217,93	2025-07-19 00:36:55.728519
323	177	160,69	2025-07-19 00:36:56.00831
324	180	97,61	2025-07-19 00:36:56.14596
325	178	13,03	2025-07-19 00:36:56.261054
326	171	1.399,00	2025-07-19 00:37:36.621569
327	172	217,93	2025-07-19 00:37:36.760253
328	177	160,69	2025-07-19 00:37:36.89605
329	180	97,61	2025-07-19 00:37:37.172359
330	178	13,03	2025-07-19 00:37:37.42079
331	181	2.033,91	2025-07-24 11:22:48.914421
332	182	2.339,10	2025-07-24 11:22:49.083253
333	183	161,41	2025-07-24 11:22:49.196516
334	184	28,40	2025-07-24 11:22:49.308763
335	185	512,99	2025-07-24 11:22:49.427423
336	181	2.033,91	2025-07-24 11:23:53.905108
337	182	2.339,10	2025-07-24 11:23:54.037741
338	183	161,41	2025-07-24 11:23:54.156703
339	184	28,40	2025-07-24 11:23:54.387219
340	185	512,99	2025-07-24 11:23:54.497608
341	181	2.033,91	2025-07-29 22:32:09.460691
342	198	269,10	2025-07-29 22:32:09.689002
343	199	199,00	2025-07-29 22:32:09.926706
344	200	84,15	2025-07-29 22:32:10.047347
345	184	28,40	2025-07-29 22:32:10.167743
346	199	199,00	2025-07-29 22:38:53.081282
347	181	2.033,91	2025-07-29 22:38:53.208288
348	201	863,59	2025-07-29 22:38:53.326687
349	198	269,10	2025-07-29 22:38:53.483308
350	202	2.938,07	2025-07-29 22:38:53.709786
351	199	199,00	2025-07-29 22:40:54.044007
352	181	2.033,91	2025-07-29 22:40:54.17385
353	201	863,59	2025-07-29 22:40:54.401212
354	198	269,10	2025-07-29 22:40:54.527326
355	202	2.938,07	2025-07-29 22:40:54.651473
356	203	2.449,90	2025-07-31 23:03:07.883094
357	199	199,00	2025-07-31 23:03:08.156614
358	198	269,10	2025-07-31 23:03:08.277397
359	204	268,59	2025-07-31 23:03:08.392929
360	205	58,59	2025-07-31 23:03:08.506662
361	203	2.449,90	2025-07-31 23:06:07.944583
362	199	199,00	2025-07-31 23:06:08.176495
363	198	269,10	2025-07-31 23:06:08.319233
364	204	268,59	2025-07-31 23:06:08.461805
365	205	58,59	2025-07-31 23:06:08.60098
366	203	2.449,90	2025-07-31 23:07:01.583097
367	199	199,00	2025-07-31 23:07:01.733015
368	198	269,10	2025-07-31 23:07:01.95935
369	204	268,59	2025-07-31 23:07:02.073945
370	205	58,59	2025-07-31 23:07:02.183165
371	198	269,10	2025-07-31 23:11:03.338212
372	199	199,00	2025-07-31 23:11:03.481641
373	205	58,59	2025-07-31 23:11:03.663216
374	206	1.699,90	2025-07-31 23:11:03.876671
375	207	249,00	2025-07-31 23:11:04.089925
376	198	269,10	2025-07-31 23:12:11.797751
377	199	199,00	2025-07-31 23:12:12.034372
378	205	58,59	2025-07-31 23:12:12.146179
379	206	1.699,90	2025-07-31 23:12:12.256161
380	207	249,00	2025-07-31 23:12:12.371578
381	198	269,10	2025-07-31 23:15:36.77037
382	199	199,00	2025-07-31 23:15:36.906681
383	205	58,59	2025-07-31 23:15:37.020016
384	206	1.699,90	2025-07-31 23:15:37.134703
385	207	249,00	2025-07-31 23:15:37.350717
386	198	269,10	2025-07-31 23:16:16.266736
387	199	199,00	2025-07-31 23:16:16.403269
388	205	58,59	2025-07-31 23:16:16.613241
389	206	1.699,90	2025-07-31 23:16:16.750939
390	207	249,00	2025-07-31 23:16:16.978013
391	198	269,10	2025-07-31 23:17:08.088401
392	199	199,00	2025-07-31 23:17:08.304502
393	205	58,59	2025-07-31 23:17:08.444164
394	206	1.699,90	2025-07-31 23:17:08.663679
395	207	249,00	2025-07-31 23:17:08.876048
396	198	269,10	2025-07-31 23:18:54.496324
397	199	199,00	2025-07-31 23:18:54.726454
398	205	58,59	2025-07-31 23:18:54.86755
399	206	1.699,90	2025-07-31 23:18:55.095149
400	207	249,00	2025-07-31 23:18:55.221759
401	208	1.139,90	2025-07-31 23:22:52.75226
402	201	863,59	2025-07-31 23:22:52.865953
403	198	269,10	2025-07-31 23:22:53.003582
404	209	713,99	2025-07-31 23:22:53.114762
405	210	2.959,00	2025-07-31 23:22:53.325371
406	198	269,10	2025-07-31 23:24:07.558826
407	199	199,00	2025-07-31 23:24:07.671556
408	205	58,59	2025-07-31 23:24:07.787426
409	206	1.699,90	2025-07-31 23:24:07.926258
410	207	249,00	2025-07-31 23:24:08.358698
411	198	269,10	2025-07-31 23:24:50.367801
412	199	199,00	2025-07-31 23:24:50.596222
413	205	58,59	2025-07-31 23:24:50.712495
414	206	1.699,90	2025-07-31 23:24:50.933237
415	207	249,00	2025-07-31 23:24:51.041993
416	198	269,10	2025-07-31 23:33:07.758205
417	199	199,00	2025-07-31 23:33:07.906371
418	205	58,59	2025-07-31 23:33:08.116988
419	206	1.699,90	2025-07-31 23:33:08.234638
420	207	249,00	2025-07-31 23:33:08.457297
421	198	269,10	2025-07-31 23:35:12.930983
422	199	199,00	2025-07-31 23:35:13.059187
423	205	58,59	2025-07-31 23:35:13.179131
424	206	1.699,90	2025-07-31 23:35:13.41553
425	207	249,00	2025-07-31 23:35:13.644012
426	198	269,10	2025-07-31 23:35:48.63034
427	199	199,00	2025-07-31 23:35:48.919857
428	205	58,59	2025-07-31 23:35:49.132593
429	206	1.699,90	2025-07-31 23:35:49.29342
430	207	249,00	2025-07-31 23:35:49.517861
431	198	269,10	2025-07-31 23:38:15.083933
432	199	199,00	2025-07-31 23:38:15.196464
433	211	78,99	2025-07-31 23:38:15.313209
434	205	58,59	2025-07-31 23:38:15.424844
435	212	249,90	2025-07-31 23:38:15.634126
436	198	269,10	2025-07-31 23:41:45.714486
437	199	199,00	2025-07-31 23:41:45.939789
438	211	78,99	2025-07-31 23:41:46.054385
439	205	58,59	2025-07-31 23:41:46.170518
440	212	249,90	2025-07-31 23:41:46.28331
441	213	2.609,10	2025-08-04 21:56:54.894296
442	203	2.399,90	2025-08-04 21:56:55.2132
443	198	269,10	2025-08-04 21:56:55.353948
444	214	2.599,00	2025-08-04 21:56:55.491357
445	215	260,99	2025-08-04 21:56:55.624699
446	216	3.499,00	2025-08-05 21:46:55.234748
447	217	8.749,00	2025-08-05 21:46:55.384322
448	218	179,00	2025-08-05 21:46:55.520699
449	219	3.989,00	2025-08-05 21:46:55.64909
450	198	269,10	2025-08-05 21:46:55.780987
451	216	3.499,00	2025-08-05 21:49:54.808193
452	217	8.749,00	2025-08-05 21:49:54.971622
453	218	179,00	2025-08-05 21:49:55.221194
454	219	3.989,00	2025-08-05 21:49:55.3667
455	198	269,10	2025-08-05 21:49:55.619277
456	216	3.499,00	2025-08-05 21:51:19.240496
457	217	8.749,00	2025-08-05 21:51:19.487688
458	218	179,00	2025-08-05 21:51:19.626348
459	219	3.989,00	2025-08-05 21:51:19.854214
460	198	269,10	2025-08-05 21:51:19.978441
461	216	3.499,00	2025-08-05 22:12:40.9265
462	219	3.989,00	2025-08-05 22:12:41.0702
463	218	179,00	2025-08-05 22:12:41.232415
464	217	8.749,00	2025-08-05 22:12:41.369836
465	198	269,10	2025-08-05 22:12:41.503428
466	216	3.499,00	2025-08-05 22:16:46.180176
467	219	3.989,00	2025-08-05 22:16:46.440741
468	218	179,00	2025-08-05 22:16:46.575359
469	217	8.749,00	2025-08-05 22:16:46.837221
470	198	269,10	2025-08-05 22:16:47.085694
471	217	8.749,00	2025-08-05 22:36:51.36894
472	216	3.499,00	2025-08-05 22:36:51.613849
473	218	179,00	2025-08-05 22:36:51.752344
474	219	3.989,00	2025-08-05 22:36:51.902588
475	198	269,10	2025-08-05 22:36:52.035993
476	217	8.749,00	2025-08-05 22:40:44.676468
477	216	3.499,00	2025-08-05 22:40:44.807154
478	218	179,00	2025-08-05 22:40:44.936498
479	219	3.989,00	2025-08-05 22:40:45.066724
480	198	269,10	2025-08-05 22:40:45.195448
481	217	8.749,00	2025-08-05 22:51:01.360307
482	208	1.139,90	2025-08-05 22:51:01.593892
483	216	3.499,00	2025-08-05 22:51:01.82834
484	220	169,00	2025-08-05 22:51:01.984879
485	221	177,71	2025-08-05 22:51:02.217384
486	222	8.999,00	2025-08-08 19:21:43.169509
487	218	179,00	2025-08-08 19:21:43.341311
488	223	764,00	2025-08-08 19:21:43.608934
489	224	183,20	2025-08-08 19:21:43.857582
490	217	8.749,00	2025-08-08 19:21:43.995195
491	225	3.399,00	2025-08-08 20:10:44.810465
492	217	8.749,00	2025-08-08 20:10:45.028039
493	218	179,00	2025-08-08 20:10:45.169805
494	226	4.699,00	2025-08-08 20:10:45.309859
495	227	170,10	2025-08-08 20:10:45.559768
496	219	3.989,00	2025-08-11 12:52:36.050378
497	217	8.749,00	2025-08-11 12:52:36.213106
498	228	183,20	2025-08-11 12:52:36.437112
499	229	369,99	2025-08-11 12:52:36.570201
500	215	260,99	2025-08-11 12:52:36.700085
501	219	3.989,00	2025-08-11 12:58:20.530525
502	217	8.749,00	2025-08-11 12:58:20.770298
503	228	183,20	2025-08-11 12:58:20.89597
504	229	369,99	2025-08-11 12:58:21.029459
505	215	260,99	2025-08-11 12:58:21.154969
506	219	3.989,00	2025-08-11 12:59:53.703668
507	217	8.749,00	2025-08-11 12:59:53.945461
508	228	183,20	2025-08-11 12:59:54.076954
509	229	369,99	2025-08-11 12:59:54.327169
510	215	260,99	2025-08-11 12:59:54.584281
511	219	3.989,00	2025-08-11 13:00:52.207095
512	217	8.749,00	2025-08-11 13:00:52.451182
513	228	183,20	2025-08-11 13:00:52.694549
514	229	369,99	2025-08-11 13:00:52.820442
515	215	260,99	2025-08-11 13:00:52.968937
539	217	8.749,00	2025-08-11 20:38:59.865385
540	225	3.399,00	2025-08-11 20:39:00.026836
541	230	3.899,00	2025-08-11 20:39:00.273275
542	231	174,85	2025-08-11 20:39:00.51314
543	232	235,90	2025-08-11 20:39:00.753382
544	217	8.749,00	2025-08-11 20:44:19.003443
545	225	3.399,00	2025-08-11 20:44:19.235991
546	230	3.899,00	2025-08-11 20:44:19.36866
547	231	174,85	2025-08-11 20:44:19.496771
548	232	235,90	2025-08-11 20:44:19.632954
549	217	8.749,00	2025-08-11 20:44:54.380433
550	225	3.399,00	2025-08-11 20:44:54.573027
551	230	3.899,00	2025-08-11 20:44:54.83353
552	231	174,85	2025-08-11 20:44:55.070097
553	232	235,90	2025-08-11 20:44:55.202742
554	233	2.999,00	2025-08-11 20:45:45.390728
555	234	2.699,00	2025-08-11 20:45:45.622432
556	217	8.749,00	2025-08-11 20:45:45.757724
557	225	3.399,00	2025-08-11 20:45:45.996097
558	230	3.899,00	2025-08-11 20:45:46.128639
559	217	8.749,00	2025-08-11 20:47:07.290965
560	225	3.399,00	2025-08-11 20:47:07.433712
561	230	3.899,00	2025-08-11 20:47:07.563497
562	231	174,85	2025-08-11 20:47:07.818102
563	232	235,90	2025-08-11 20:47:08.047769
564	217	8.749,00	2025-08-11 20:49:03.171035
565	225	3.399,00	2025-08-11 20:49:03.300775
566	230	3.899,00	2025-08-11 20:49:03.42913
567	231	174,85	2025-08-11 20:49:03.555477
568	232	235,90	2025-08-11 20:49:03.682335
569	217	8.749,00	2025-08-11 20:49:54.969178
570	225	3.399,00	2025-08-11 20:49:55.103934
571	230	3.899,00	2025-08-11 20:49:55.231143
572	231	174,85	2025-08-11 20:49:55.461932
573	232	235,90	2025-08-11 20:49:55.590744
574	225	3.399,00	2025-08-11 22:15:30.459154
575	222	8.999,00	2025-08-11 22:15:30.613414
576	235	402,94	2025-08-11 22:15:30.783703
577	215	260,99	2025-08-11 22:15:30.969739
578	236	47,90	2025-08-11 22:15:31.115353
579	225	3.399,00	2025-08-11 22:16:58.233198
580	222	8.999,00	2025-08-11 22:16:58.489022
581	235	402,94	2025-08-11 22:16:58.726873
582	215	260,99	2025-08-11 22:16:58.988439
583	236	47,90	2025-08-11 22:16:59.120476
584	225	3.399,00	2025-08-11 22:18:12.818548
585	222	8.999,00	2025-08-11 22:18:12.948541
586	235	402,94	2025-08-11 22:18:13.077355
587	215	260,99	2025-08-11 22:18:13.205832
588	236	47,90	2025-08-11 22:18:13.333055
589	225	3.399,00	2025-08-11 22:18:58.34878
590	222	8.999,00	2025-08-11 22:18:58.591884
591	235	402,94	2025-08-11 22:18:58.721886
592	215	260,99	2025-08-11 22:18:58.856274
593	236	47,90	2025-08-11 22:18:58.988513
594	225	3.399,00	2025-08-11 22:31:00.843173
595	222	8.999,00	2025-08-11 22:31:00.975366
596	235	402,94	2025-08-11 22:31:01.120943
597	215	260,99	2025-08-11 22:31:01.356383
598	236	47,90	2025-08-11 22:31:01.487919
599	225	3.399,00	2025-08-11 22:33:57.341055
600	222	8.999,00	2025-08-11 22:33:57.593439
601	235	402,94	2025-08-11 22:33:57.723761
602	215	260,99	2025-08-11 22:33:57.853665
603	236	47,90	2025-08-11 22:33:57.984531
604	237	59990,90	2025-08-11 22:43:30.0315
605	237	59990,90	2025-08-11 22:44:07.965659
606	237	59990,90	2025-08-11 22:44:34.282902
607	238	599,20	2025-08-11 22:44:34.410427
608	239	1.219,00	2025-08-11 22:44:34.645197
609	240	1.219,00	2025-08-11 22:44:34.875362
610	241	949,00	2025-08-11 22:44:35.00647
611	152	2.899,00	2025-08-14 22:17:26.476533
612	242	2.899,00	2025-08-14 22:17:26.671425
613	243	1.087,00	2025-08-14 22:17:26.807718
614	239	1.087,00	2025-08-14 22:17:27.038842
615	244	2.999,00	2025-08-14 22:17:27.168038
616	242	1.087,00	2025-08-14 22:22:15.630763
617	243	1.087,00	2025-08-14 22:22:15.768571
618	239	2.999,00	2025-08-14 22:22:15.897303
619	244	2.999,00	2025-08-14 22:22:16.122116
620	245	869,00	2025-08-14 22:22:16.35269
621	152	2.899,00	2025-08-14 22:30:05.727342
622	242	2.899,00	2025-08-14 22:30:05.861435
623	243	1.087,00	2025-08-14 22:30:05.989758
624	239	1.087,00	2025-08-14 22:30:06.118881
625	244	2.999,00	2025-08-14 22:30:06.303533
626	152	2.899,00	2025-08-14 22:30:54.595105
627	242	2.899,00	2025-08-14 22:30:54.827966
628	243	1.087,00	2025-08-14 22:30:55.05108
629	239	1.087,00	2025-08-14 22:30:55.276887
630	244	2.999,00	2025-08-14 22:30:55.520062
631	242	1.087,00	2025-08-14 22:33:36.932115
632	243	1.087,00	2025-08-14 22:33:37.162216
633	239	2.999,00	2025-08-14 22:33:37.287431
634	244	2.999,00	2025-08-14 22:33:37.522711
635	245	869,00	2025-08-14 22:33:37.752616
636	152	2.899,00	2025-08-14 22:35:40.682423
637	242	2.899,00	2025-08-14 22:35:40.822031
638	243	1.087,00	2025-08-14 22:35:40.949819
639	239	1.087,00	2025-08-14 22:35:41.086654
640	244	2.999,00	2025-08-14 22:35:41.321576
641	152	2.899,00	2025-08-14 22:38:11.602581
642	242	2.899,00	2025-08-14 22:38:11.843831
643	243	1.087,00	2025-08-14 22:38:11.968635
644	239	1.087,00	2025-08-14 22:38:12.197008
645	244	2.999,00	2025-08-14 22:38:12.448435
646	152	2.899,00	2025-08-14 22:39:28.824068
647	242	2.899,00	2025-08-14 22:39:28.949078
648	243	1.087,00	2025-08-14 22:39:29.182747
649	239	1.087,00	2025-08-14 22:39:29.32846
650	244	2.999,00	2025-08-14 22:39:29.458859
651	242	1.087,00	2025-08-14 22:47:11.178483
652	243	1.087,00	2025-08-14 22:47:11.407281
653	239	2.999,00	2025-08-14 22:47:11.533854
654	244	2.999,00	2025-08-14 22:47:11.659729
655	245	869,00	2025-08-14 22:47:11.785725
656	242	1.087,00	2025-08-14 22:49:10.045691
657	243	1.087,00	2025-08-14 22:49:10.172698
658	239	2.999,00	2025-08-14 22:49:10.298436
659	244	2.999,00	2025-08-14 22:49:10.431907
660	245	869,00	2025-08-14 22:49:10.658686
661	152	2.899,00	2025-08-14 22:50:37.450921
662	242	2.899,00	2025-08-14 22:50:37.577689
663	243	1.087,00	2025-08-14 22:50:37.702606
664	239	1.087,00	2025-08-14 22:50:37.834045
665	244	2.999,00	2025-08-14 22:50:37.95837
666	242	1.087,00	2025-08-14 23:18:00.377216
667	243	1.087,00	2025-08-14 23:18:00.611854
668	239	2.999,00	2025-08-14 23:18:00.73593
669	245	2.999,00	2025-08-14 23:18:00.97764
670	246	869,00	2025-08-14 23:18:01.100339
671	242	1.087,99	2025-08-15 00:27:35.374492
672	247	1.087,00	2025-08-15 00:27:35.63394
673	243	1.798,00	2025-08-15 00:27:35.766641
674	248	1.798,00	2025-08-15 00:27:35.908377
675	239	2.999,74	2025-08-15 00:27:36.044533
676	242	1.087,99	2025-08-15 00:29:03.86832
677	247	1.087,00	2025-08-15 00:29:04.003037
678	243	1.798,00	2025-08-15 00:29:04.129029
679	248	1.798,00	2025-08-15 00:29:04.254967
680	239	2.999,74	2025-08-15 00:29:04.477207
681	242	1.087,99	2025-08-15 00:31:05.069642
682	247	1.087,00	2025-08-15 00:31:05.204249
683	243	1.798,00	2025-08-15 00:31:05.338882
684	248	1.798,00	2025-08-15 00:31:05.583846
685	239	2.999,59	2025-08-15 00:31:05.721933
686	152	2.899,99	2025-08-15 00:33:00.436059
687	242	2.899,00	2025-08-15 00:33:00.569346
688	247	1.087,00	2025-08-15 00:33:00.697077
689	243	1.087,00	2025-08-15 00:33:00.823007
690	248	1.798,59	2025-08-15 00:33:00.948109
691	152	2.899,49	2025-08-25 20:31:10.873004
692	249	2.899,00	2025-08-25 20:31:11.263641
693	250	3.199,00	2025-08-25 20:31:11.476863
694	251	3.199,00	2025-08-25 20:31:11.717256
695	252	799,00	2025-08-25 20:31:11.958365
696	152	2.899,49	2025-08-25 20:35:02.902394
697	249	2.899,00	2025-08-25 20:35:03.053975
698	250	3.199,00	2025-08-25 20:35:03.190701
699	251	3.199,00	2025-08-25 20:35:03.329537
700	252	799,00	2025-08-25 20:35:03.466981
701	249	3.199,49	2025-08-25 20:36:48.059015
702	250	3.199,00	2025-08-25 20:36:48.200299
703	251	799,00	2025-08-25 20:36:48.357078
704	252	799,00	2025-08-25 20:36:48.614498
705	245	4.398,00	2025-08-25 20:36:49.003518
706	249	3.199,49	2025-08-25 20:38:27.230109
707	250	3.199,00	2025-08-25 20:38:27.370234
708	251	799,00	2025-08-25 20:38:27.515629
709	252	799,00	2025-08-25 20:38:27.668135
710	245	4.398,00	2025-08-25 20:38:27.81178
711	249	3.199,49	2025-08-25 20:40:11.101426
712	250	3.199,00	2025-08-25 20:40:11.246066
713	251	799,00	2025-08-25 20:40:11.406163
714	252	799,00	2025-08-25 20:40:11.647858
715	245	4.398,00	2025-08-25 20:40:11.793144
716	249	3.199,49	2025-08-25 20:41:20.944532
717	250	3.199,00	2025-08-25 20:41:21.189438
718	251	799,00	2025-08-25 20:41:21.331898
719	252	799,00	2025-08-25 20:41:21.472678
720	245	4.398,00	2025-08-25 20:41:21.617313
721	249	3.199,49	2025-08-25 20:45:11.179596
722	250	3.199,00	2025-08-25 20:45:11.31786
723	251	799,00	2025-08-25 20:45:11.457305
724	252	799,00	2025-08-25 20:45:11.697043
725	245	4.398,00	2025-08-25 20:45:11.832428
726	152	2.899,49	2025-08-25 20:45:55.148
727	249	2.899,00	2025-08-25 20:45:55.384995
728	250	3.199,00	2025-08-25 20:45:55.52824
729	251	3.199,00	2025-08-25 20:45:55.669882
730	252	799,00	2025-08-25 20:45:55.939162
731	249	3.199,00	2025-08-25 20:56:49.155215
732	250	3.199,00	2025-08-25 20:56:49.296116
733	251	799,00	2025-08-25 20:56:49.435534
734	245	799,00	2025-08-25 20:56:49.576187
735	239	4.398,00	2025-08-25 20:56:49.740971
736	249	3.199,00	2025-08-25 20:58:15.37131
737	250	3.199,00	2025-08-25 20:58:15.514741
738	251	799,00	2025-08-25 20:58:15.65907
739	245	799,00	2025-08-25 20:58:15.804944
740	239	4.398,00	2025-08-25 20:58:15.94898
741	249	3.199,00	2025-08-25 20:59:00.78278
742	250	3.199,00	2025-08-25 20:59:00.920529
743	251	799,00	2025-08-25 20:59:01.056619
744	245	799,00	2025-08-25 20:59:01.192968
745	239	4.398,00	2025-08-25 20:59:01.332289
746	249	3.199,00	2025-08-25 20:59:25.511633
747	250	3.199,00	2025-08-25 20:59:25.653472
748	251	799,00	2025-08-25 20:59:25.794245
749	245	799,00	2025-08-25 20:59:25.930253
750	239	4.398,00	2025-08-25 20:59:26.076041
751	152	2.899,00	2025-08-25 21:00:02.993435
752	249	2.899,00	2025-08-25 21:00:03.145111
753	250	3.199,00	2025-08-25 21:00:03.393598
754	251	3.199,00	2025-08-25 21:00:03.53357
755	245	799,00	2025-08-25 21:00:03.718956
756	152	2.899,00	2025-08-25 21:02:33.109921
757	249	2.899,00	2025-08-25 21:02:33.24795
758	250	3.199,00	2025-08-25 21:02:33.386115
759	251	3.199,00	2025-08-25 21:02:33.529915
760	245	799,00	2025-08-25 21:02:33.675746
761	249	3.199,00	2025-08-25 21:04:51.729803
762	250	3.199,00	2025-08-25 21:04:51.874686
763	251	799,00	2025-08-25 21:04:52.017178
764	245	799,00	2025-08-25 21:04:52.157555
765	239	4.398,00	2025-08-25 21:04:52.431255
766	152	2.899,00	2025-08-25 21:06:26.510136
767	249	2.899,00	2025-08-25 21:06:26.650247
768	250	3.199,00	2025-08-25 21:06:26.892776
769	251	3.199,00	2025-08-25 21:06:27.142072
770	245	799,00	2025-08-25 21:06:27.30279
771	249	3.199,00	2025-08-25 21:07:22.000924
772	250	3.199,00	2025-08-25 21:07:22.138343
773	251	799,00	2025-08-25 21:07:22.275193
774	245	799,00	2025-08-25 21:07:22.417526
775	239	4.398,00	2025-08-25 21:07:22.563151
776	152	2.899,00	2025-08-25 21:08:08.822235
777	249	2.899,00	2025-08-25 21:08:09.06219
778	250	3.199,00	2025-08-25 21:08:09.200689
779	251	3.199,00	2025-08-25 21:08:09.338935
780	245	799,00	2025-08-25 21:08:09.500961
781	152	2.899,00	2025-08-25 21:09:36.651904
782	249	2.899,00	2025-08-25 21:09:36.788502
783	250	3.199,00	2025-08-25 21:09:36.924946
784	251	3.199,00	2025-08-25 21:09:37.171845
785	245	799,00	2025-08-25 21:09:37.421329
786	152	2.899,00	2025-08-25 21:10:58.962355
787	249	2.899,00	2025-08-25 21:10:59.100259
788	250	3.199,00	2025-08-25 21:10:59.248985
789	251	3.199,00	2025-08-25 21:10:59.503363
790	245	799,00	2025-08-25 21:10:59.646228
791	249	3.199,00	2025-08-25 21:12:38.275262
792	250	3.199,00	2025-08-25 21:12:38.529127
793	251	799,00	2025-08-25 21:12:38.67825
794	245	799,00	2025-08-25 21:12:38.846814
795	239	4.398,00	2025-08-25 21:12:39.021628
796	152	2.899,00	2025-08-25 21:16:04.50828
797	249	2.899,00	2025-08-25 21:16:04.649435
798	250	3.199,00	2025-08-25 21:16:04.793001
799	251	3.199,00	2025-08-25 21:16:04.96814
800	245	799,00	2025-08-25 21:16:05.116451
801	249	3.199,00	2025-08-25 21:17:51.365223
802	250	3.199,00	2025-08-25 21:17:51.503332
803	251	799,00	2025-08-25 21:17:51.752912
804	245	799,00	2025-08-25 21:17:51.894336
805	239	4.398,00	2025-08-25 21:17:52.03082
806	249	3.199,00	2025-08-25 21:20:08.454762
807	250	3.199,00	2025-08-25 21:20:08.597264
808	251	799,00	2025-08-25 21:20:08.737297
809	245	799,00	2025-08-25 21:20:08.878564
810	239	4.398,00	2025-08-25 21:20:09.018801
811	152	2.899,00	2025-08-25 21:20:43.209932
812	249	2.899,00	2025-08-25 21:20:43.442869
813	250	3.199,00	2025-08-25 21:20:43.579769
814	251	3.199,00	2025-08-25 21:20:43.832875
815	245	799,00	2025-08-25 21:20:43.97722
816	253	5.119,00	2025-08-26 12:52:43.938012
817	254	4.579,00	2025-08-26 12:52:44.105533
818	255	6.279,00	2025-08-26 12:52:44.240721
819	256	5.829,82	2025-08-26 12:52:44.463067
820	257	4.438,90	2025-08-26 12:52:44.690104
821	253	5.119,00	2025-08-26 12:53:17.999925
822	254	4.579,00	2025-08-26 12:53:18.133041
823	255	6.279,00	2025-08-26 12:53:18.264211
824	256	5.829,82	2025-08-26 12:53:18.395718
825	257	4.438,90	2025-08-26 12:53:18.527458
826	253	5.119,00	2025-08-26 12:54:24.148781
827	254	4.579,00	2025-08-26 12:54:24.280692
828	255	6.279,00	2025-08-26 12:54:24.420637
829	256	5.829,82	2025-08-26 12:54:24.549287
830	257	4.438,90	2025-08-26 12:54:24.682929
831	253	5.119,00	2025-08-26 12:56:32.936769
832	254	4.579,00	2025-08-26 12:56:33.071688
833	255	6.279,00	2025-08-26 12:56:33.204779
834	256	5.829,82	2025-08-26 12:56:33.334915
835	257	4.438,90	2025-08-26 12:56:33.465972
836	253	5.119,00	2025-08-26 12:57:08.889792
837	254	4.579,00	2025-08-26 12:57:09.035197
838	255	6.279,00	2025-08-26 12:57:09.170201
839	256	5.829,82	2025-08-26 12:57:09.309783
840	257	4.438,90	2025-08-26 12:57:09.543973
841	253	5.119,00	2025-08-26 12:59:11.423964
842	254	4.579,00	2025-08-26 12:59:11.554934
843	255	6.279,00	2025-08-26 12:59:11.685993
844	256	5.829,82	2025-08-26 12:59:11.818875
845	257	4.438,90	2025-08-26 12:59:12.077757
846	253	5.119,00	2025-08-27 20:58:53.2044
847	254	4.579,00	2025-08-27 20:58:53.369519
848	255	6.279,00	2025-08-27 20:58:53.604542
849	256	5.005,00	2025-08-27 20:58:53.73638
850	157	5.249,19	2025-08-27 20:58:53.975117
851	253	5.119,00	2025-08-27 21:00:38.300497
852	254	4.579,00	2025-08-27 21:00:38.44556
853	255	6.279,00	2025-08-27 21:00:38.574354
854	256	5.005,00	2025-08-27 21:00:38.708371
855	157	5.249,19	2025-08-27 21:00:38.843867
856	253	5.119,00	2025-08-27 21:24:10.154283
857	254	4.579,00	2025-08-27 21:24:10.391293
858	255	6.279,00	2025-08-27 21:24:10.525758
859	256	5.005,00	2025-08-27 21:24:10.660109
860	157	5.249,19	2025-08-27 21:24:10.907451
861	253	5.119,00	2025-08-27 21:28:12.914306
862	254	4.579,00	2025-08-27 21:28:13.046413
863	255	6.279,00	2025-08-27 21:28:13.273598
864	256	5.005,00	2025-08-27 21:28:13.403815
865	157	5.249,19	2025-08-27 21:28:13.544544
866	253	5.119,00	2025-08-27 21:40:56.333224
867	254	4.579,00	2025-08-27 21:40:56.464121
868	255	6.279,00	2025-08-27 21:40:56.593417
869	256	5.005,00	2025-08-27 21:40:56.7228
870	157	5.249,19	2025-08-27 21:40:56.852785
871	253	5.119,00	2025-08-27 21:41:58.823635
872	254	4.579,00	2025-08-27 21:41:58.95652
873	255	6.279,00	2025-08-27 21:41:59.087735
874	256	5.005,00	2025-08-27 21:41:59.217578
875	157	5.249,19	2025-08-27 21:41:59.458096
876	253	5.119,00	2025-08-27 21:45:04.246481
877	254	4.579,00	2025-08-27 21:45:04.37861
878	255	6.279,00	2025-08-27 21:45:04.611582
879	256	5.005,00	2025-08-27 21:45:04.744248
880	157	5.249,19	2025-08-27 21:45:04.875496
881	253	5.119,00	2025-08-27 21:47:13.123585
882	254	4.579,00	2025-08-27 21:47:13.362714
883	255	6.279,00	2025-08-27 21:47:13.497124
884	256	5.005,00	2025-08-27 21:47:13.628025
885	157	5.249,19	2025-08-27 21:47:13.757542
886	253	5.119,00	2025-08-27 21:53:24.361642
887	254	4.579,00	2025-08-27 21:53:24.501072
888	255	6.279,00	2025-08-27 21:53:24.629475
889	256	5.005,00	2025-08-27 21:53:24.858444
890	157	5.249,19	2025-08-27 21:53:24.989731
891	254	4.579,00	2025-09-03 12:47:48.799615
892	253	4.918,80	2025-09-03 12:47:49.009039
893	256	4.882,89	2025-09-03 12:47:49.142706
894	255	6.279,00	2025-09-03 12:47:49.275791
895	157	5.104,90	2025-09-03 12:47:49.407429
896	254	4.579,00	2025-09-03 12:48:59.859224
897	253	4.918,80	2025-09-03 12:48:59.997139
898	256	4.882,89	2025-09-03 12:49:00.134171
899	255	6.279,00	2025-09-03 12:49:00.267734
900	157	5.104,90	2025-09-03 12:49:00.402665
901	254	4.579,00	2025-09-03 12:56:39.941595
902	253	4.918,80	2025-09-03 12:56:40.07577
903	256	4.882,89	2025-09-03 12:56:40.206217
904	255	6.279,00	2025-09-03 12:56:40.370852
905	157	5.104,90	2025-09-03 12:56:40.527294
906	254	4.579,00	2025-09-03 12:57:24.167807
907	253	4.918,80	2025-09-03 12:57:24.319908
908	256	4.882,89	2025-09-03 12:57:24.462508
909	255	6.279,00	2025-09-03 12:57:24.608323
910	157	5.104,90	2025-09-03 12:57:24.745608
911	254	4.579,00	2025-09-03 12:59:18.345142
912	253	4.918,80	2025-09-03 12:59:18.476755
913	256	4.882,89	2025-09-03 12:59:18.705035
914	255	6.279,00	2025-09-03 12:59:18.839206
915	157	5.104,90	2025-09-03 12:59:18.971373
916	254	4.579,00	2025-09-03 12:59:51.962412
917	253	4.918,80	2025-09-03 12:59:52.104509
918	256	4.882,89	2025-09-03 12:59:52.241814
919	255	6.279,00	2025-09-03 12:59:52.486056
920	157	5.104,90	2025-09-03 12:59:52.620057
921	254	4.579,00	2025-09-04 20:43:46.345791
922	253	4.918,80	2025-09-04 20:43:46.665032
923	256	4.882,89	2025-09-04 20:43:46.807161
924	157	5.104,90	2025-09-04 20:43:46.957656
925	255	6.279,00	2025-09-04 20:43:47.099475
926	254	4.579,00	2025-09-04 20:45:02.727078
927	253	4.918,80	2025-09-04 20:45:02.872392
928	256	4.882,89	2025-09-04 20:45:03.117263
929	157	5.104,90	2025-09-04 20:45:03.370657
930	255	6.279,00	2025-09-04 20:45:03.505061
931	254	4.579,00	2025-09-04 20:52:14.612192
932	253	4.918,80	2025-09-04 20:52:14.752618
933	256	4.882,89	2025-09-04 20:52:14.897276
934	157	5.104,90	2025-09-04 20:52:15.037039
935	255	6.279,00	2025-09-04 20:52:15.179213
936	254	4.579,00	2025-09-04 20:56:35.462422
937	253	4.918,80	2025-09-04 20:56:35.603096
938	256	4.882,89	2025-09-04 20:56:35.741106
939	157	5.104,90	2025-09-04 20:56:35.887371
940	255	6.279,00	2025-09-04 20:56:36.027225
941	254	4.579,00	2025-09-04 20:58:45.236298
942	253	4.918,80	2025-09-04 20:58:45.377368
943	256	4.882,89	2025-09-04 20:58:45.619555
944	157	5.104,90	2025-09-04 20:58:45.864099
945	255	6.279,00	2025-09-04 20:58:45.99732
946	254	4.579,00	2025-09-04 21:00:57.244858
947	253	4.918,80	2025-09-04 21:00:57.380024
948	256	4.882,89	2025-09-04 21:00:57.513873
949	157	5.104,90	2025-09-04 21:00:57.647183
950	255	6.279,00	2025-09-04 21:00:57.782947
951	254	4.579,00	2025-09-04 21:02:47.022373
952	253	4.918,80	2025-09-04 21:02:47.159633
953	256	4.882,89	2025-09-04 21:02:47.301146
954	157	5.104,90	2025-09-04 21:02:47.434389
955	255	6.279,00	2025-09-04 21:02:47.673082
956	254	4.579,00	2025-09-04 21:10:42.27024
957	253	4.918,80	2025-09-04 21:10:42.410068
958	256	4.882,89	2025-09-04 21:10:42.545697
959	157	5.104,90	2025-09-04 21:10:42.687318
960	255	6.279,00	2025-09-04 21:10:42.818518
961	254	5.149,00	2025-09-04 21:26:33.196326
962	253	4.918,80	2025-09-04 21:26:33.353278
963	256	5.104,90	2025-09-04 21:26:33.486487
964	157	6.279,00	2025-09-04 21:26:33.619592
965	255	4.216,89	2025-09-04 21:26:33.846054
966	254	5.149,00	2025-09-04 21:28:16.460481
967	253	4.918,80	2025-09-04 21:28:16.692899
968	256	5.104,90	2025-09-04 21:28:16.826694
969	157	6.279,00	2025-09-04 21:28:17.072276
970	255	4.216,89	2025-09-04 21:28:17.302107
971	254	4.579,00	2025-09-04 21:45:25.795603
972	253	4.918,80	2025-09-04 21:45:25.931067
973	157	5.104,90	2025-09-04 21:45:26.062358
974	255	6.279,00	2025-09-04 21:45:26.194538
975	257	4.216,89	2025-09-04 21:45:26.432647
976	254	4.579,00	2025-09-04 22:14:28.332047
977	253	4.918,80	2025-09-04 22:14:28.470615
978	157	5.104,90	2025-09-04 22:14:28.60261
979	255	6.279,00	2025-09-04 22:14:28.833327
980	257	4.216,89	2025-09-04 22:14:28.966633
981	254	4.579,00	2025-09-04 22:15:35.633433
982	253	4.918,80	2025-09-04 22:15:35.767207
983	157	5.104,90	2025-09-04 22:15:35.90424
984	255	6.279,00	2025-09-04 22:15:36.04011
985	257	4.216,89	2025-09-04 22:15:36.175031
986	254	4.579,00	2025-09-04 22:16:38.861292
987	253	4.918,80	2025-09-04 22:16:39.108552
988	157	5.104,90	2025-09-04 22:16:39.239245
989	255	6.279,00	2025-09-04 22:16:39.37143
990	257	4.216,89	2025-09-04 22:16:39.503647
991	254	4.579,00	2025-09-04 22:19:03.68359
992	253	4.918,80	2025-09-04 22:19:03.820995
993	157	5.104,90	2025-09-04 22:19:03.963372
994	255	6.279,00	2025-09-04 22:19:04.198622
995	257	4.216,89	2025-09-04 22:19:04.330212
996	254	4.579,00	2025-09-04 22:21:22.794039
997	253	4.918,80	2025-09-04 22:21:22.936363
998	157	5.104,90	2025-09-04 22:21:23.071079
999	255	6.279,00	2025-09-04 22:21:23.205033
1000	257	4.216,89	2025-09-04 22:21:23.341772
1001	157	5.049,39	2025-09-08 11:53:52.634246
1002	253	4.918,80	2025-09-08 11:53:52.803905
1003	254	4.579,00	2025-09-08 11:53:52.943423
1004	257	4.216,89	2025-09-08 11:53:53.190777
1005	256	4.882,89	2025-09-08 11:53:53.431217
1006	157	5.049,39	2025-09-08 11:54:48.2663
1007	253	4.918,80	2025-09-08 11:54:48.405658
1008	254	4.579,00	2025-09-08 11:54:48.66039
1009	257	4.216,89	2025-09-08 11:54:48.794823
1010	256	4.882,89	2025-09-08 11:54:48.930232
1011	157	5.049,39	2025-09-08 12:02:17.808042
1012	253	4.918,80	2025-09-08 12:02:17.944031
1013	254	4.579,00	2025-09-08 12:02:18.193034
1014	257	4.216,89	2025-09-08 12:02:18.331184
1015	256	4.882,89	2025-09-08 12:02:18.468768
1016	157	5.049,39	2025-09-08 12:03:54.739968
1017	253	4.918,80	2025-09-08 12:03:54.980027
1018	254	4.579,00	2025-09-08 12:03:55.11097
1019	257	4.216,89	2025-09-08 12:03:55.242271
1020	256	4.882,89	2025-09-08 12:03:55.37724
1021	157	5.049,39	2025-09-08 12:07:27.280755
1022	253	4.918,80	2025-09-08 12:07:27.530891
1023	254	4.579,00	2025-09-08 12:07:27.664872
1024	257	4.216,89	2025-09-08 12:07:27.79625
1025	256	4.882,89	2025-09-08 12:07:27.928807
1026	157	5.049,39	2025-09-08 12:08:52.961538
1027	253	4.918,80	2025-09-08 12:08:53.198229
1028	254	4.579,00	2025-09-08 12:08:53.331522
1029	257	4.216,89	2025-09-08 12:08:53.464159
1030	256	4.882,89	2025-09-08 12:08:53.598791
1031	157	5.049,39	2025-09-08 12:51:05.179652
1032	253	4.918,80	2025-09-08 12:51:05.317441
1033	254	4.579,00	2025-09-08 12:51:05.461933
1034	257	4.216,89	2025-09-08 12:51:05.602457
1035	256	4.882,89	2025-09-08 12:51:05.734414
1036	157	5.049,39	2025-09-08 12:54:20.317433
1037	253	4.918,80	2025-09-08 12:54:20.560882
1038	254	4.579,00	2025-09-08 12:54:20.693133
1039	257	4.216,89	2025-09-08 12:54:20.838824
1040	256	4.882,89	2025-09-08 12:54:20.980527
1041	157	5.049,39	2025-09-08 13:00:22.536286
1042	253	4.918,80	2025-09-08 13:00:22.678061
1043	254	4.579,00	2025-09-08 13:00:22.815138
1044	257	4.216,89	2025-09-08 13:00:22.951758
1045	256	4.882,89	2025-09-08 13:00:23.086271
1046	157	5.271,40	2025-09-08 20:49:24.408586
1047	253	4.918,80	2025-09-08 20:49:24.654202
1048	254	4.579,00	2025-09-08 20:49:24.882377
1049	256	4.882,89	2025-09-08 20:49:25.015483
1050	255	6.279,00	2025-09-08 20:49:25.148069
1051	157	5.271,40	2025-09-08 20:50:20.159739
1052	253	4.918,80	2025-09-08 20:50:20.305322
1053	254	4.579,00	2025-09-08 20:50:20.448268
1054	256	4.882,89	2025-09-08 20:50:20.684612
1055	255	6.279,00	2025-09-08 20:50:20.922647
1056	157	5.271,40	2025-09-08 20:59:38.458874
1057	253	4.918,80	2025-09-08 20:59:38.596407
1058	254	4.579,00	2025-09-08 20:59:38.734337
1059	256	4.882,89	2025-09-08 20:59:38.873642
1060	255	6.279,00	2025-09-08 20:59:39.019131
1061	157	5.271,40	2025-09-08 21:01:34.151035
1062	253	4.918,80	2025-09-08 21:01:34.298719
1063	254	4.579,00	2025-09-08 21:01:34.441768
1064	256	4.882,89	2025-09-08 21:01:34.68215
1065	255	6.279,00	2025-09-08 21:01:34.81806
1066	157	5.271,40	2025-09-08 21:03:35.703126
1067	253	4.918,80	2025-09-08 21:03:35.840059
1068	254	4.579,00	2025-09-08 21:03:35.97439
1069	256	4.882,89	2025-09-08 21:03:36.109568
1070	255	6.279,00	2025-09-08 21:03:36.357146
1071	157	5.271,40	2025-09-08 21:06:09.427627
1072	253	4.918,80	2025-09-08 21:06:09.667779
1073	254	4.579,00	2025-09-08 21:06:09.803029
1074	256	4.882,89	2025-09-08 21:06:09.938938
1075	255	6.279,00	2025-09-08 21:06:10.074596
1076	258	4,49	2025-09-08 21:55:32.423073
1077	259	3,99	2025-09-08 21:55:32.624328
1078	260	5,99	2025-09-08 21:55:32.772689
1079	261	13,99	2025-09-08 21:55:32.930789
1080	157	5.271,40	2025-09-08 21:55:33.073397
1081	157	5.271,40	2025-09-08 21:56:23.128356
1082	253	4.918,80	2025-09-08 21:56:23.263728
1083	254	4.579,00	2025-09-08 21:56:23.398499
1084	255	6.279,00	2025-09-08 21:56:23.53392
1085	159	12.749,00	2025-09-08 21:56:23.671729
1086	157	5.271,40	2025-09-08 22:14:37.566524
1087	253	4.918,80	2025-09-08 22:14:37.706226
1088	254	4.579,00	2025-09-08 22:14:37.856321
1089	255	6.279,00	2025-09-08 22:14:37.990373
1090	159	12.749,00	2025-09-08 22:14:38.125826
1091	157	5.271,40	2025-09-08 22:18:50.144611
1092	253	4.918,80	2025-09-08 22:18:50.287822
1093	254	4.579,00	2025-09-08 22:18:50.430109
1094	255	6.279,00	2025-09-08 22:18:50.578786
1095	159	12.749,00	2025-09-08 22:18:50.828229
1096	157	5.271,40	2025-09-08 22:19:35.765678
1097	253	4.918,80	2025-09-08 22:19:35.910165
1098	254	4.579,00	2025-09-08 22:19:36.044821
1099	255	6.279,00	2025-09-08 22:19:36.177466
1100	159	12.749,00	2025-09-08 22:19:36.312171
1101	157	5.271,40	2025-09-08 22:21:24.708479
1102	253	4.918,80	2025-09-08 22:21:24.850405
1103	254	4.579,00	2025-09-08 22:21:24.988446
1104	255	6.279,00	2025-09-08 22:21:25.124488
1105	159	12.749,00	2025-09-08 22:21:25.260337
1106	157	5.271,40	2025-09-08 22:22:15.090674
1107	253	4.918,80	2025-09-08 22:22:15.22498
1108	254	4.579,00	2025-09-08 22:22:15.362925
1109	255	6.279,00	2025-09-08 22:22:15.497002
1110	159	12.749,00	2025-09-08 22:22:15.629883
1111	157	5.271,40	2025-09-08 22:53:26.922665
1112	253	4.918,80	2025-09-08 22:53:27.062172
1113	254	4.579,00	2025-09-08 22:53:27.197566
1114	255	6.279,00	2025-09-08 22:53:27.331376
1115	159	12.749,00	2025-09-08 22:53:27.466151
1116	157	5.271,40	2025-09-08 22:54:39.160451
1117	253	4.918,80	2025-09-08 22:54:39.296668
1118	254	4.579,00	2025-09-08 22:54:39.433167
1119	255	6.279,00	2025-09-08 22:54:39.567372
1120	159	12.749,00	2025-09-08 22:54:39.700201
1121	157	5.271,40	2025-09-08 22:59:48.628273
1122	253	4.918,80	2025-09-08 22:59:48.767261
1123	254	4.579,00	2025-09-08 22:59:48.911121
1124	255	6.279,00	2025-09-08 22:59:49.051255
1125	159	12.749,00	2025-09-08 22:59:49.194043
1126	157	5.271,40	2025-09-08 23:02:12.470193
1127	253	4.918,80	2025-09-08 23:02:12.607325
1128	254	4.579,00	2025-09-08 23:02:12.741544
1129	255	6.279,00	2025-09-08 23:02:12.875428
1130	159	12.749,00	2025-09-08 23:02:13.020868
1131	157	5.271,40	2025-09-09 21:21:06.13461
1132	253	5.299,00	2025-09-09 21:21:06.282269
1133	256	4.882,89	2025-09-09 21:21:06.417717
1134	254	4.579,00	2025-09-09 21:21:06.553605
1135	159	11.329,00	2025-09-09 21:21:06.68793
1136	157	5.271,40	2025-09-09 21:24:04.093996
1137	253	5.299,00	2025-09-09 21:24:04.229655
1138	256	4.882,89	2025-09-09 21:24:04.363968
1139	254	4.579,00	2025-09-09 21:24:04.502005
1140	159	11.329,00	2025-09-09 21:24:04.637659
1141	157	5.271,40	2025-09-09 21:25:26.236548
1142	253	5.299,00	2025-09-09 21:25:26.482068
1143	256	4.882,89	2025-09-09 21:25:26.616954
1144	254	4.579,00	2025-09-09 21:25:26.758397
1145	159	11.329,00	2025-09-09 21:25:26.907476
1146	157	5.271,40	2025-09-09 21:27:21.527398
1147	253	5.299,00	2025-09-09 21:27:21.761585
1148	256	4.882,89	2025-09-09 21:27:21.900862
1149	254	4.579,00	2025-09-09 21:27:22.036907
1150	159	11.329,00	2025-09-09 21:27:22.17249
1151	157	5.271,40	2025-09-09 21:30:36.760367
1152	253	5.299,00	2025-09-09 21:30:36.894812
1153	256	4.882,89	2025-09-09 21:30:37.124088
1154	254	4.579,00	2025-09-09 21:30:37.256982
1155	159	11.329,00	2025-09-09 21:30:37.389314
1156	157	5.271,40	2025-09-09 21:31:36.623864
1157	253	5.299,00	2025-09-09 21:31:36.769443
1158	256	4.882,89	2025-09-09 21:31:36.906658
1159	254	4.579,00	2025-09-09 21:31:37.133509
1160	159	11.329,00	2025-09-09 21:31:37.268406
1161	157	5.271,40	2025-09-09 21:33:37.961811
1162	253	5.299,00	2025-09-09 21:33:38.204627
1163	256	4.882,89	2025-09-09 21:33:38.447031
1164	254	4.579,00	2025-09-09 21:33:38.59653
1165	159	11.329,00	2025-09-09 21:33:38.741079
1166	157	5.271,40	2025-09-09 21:37:20.755035
1167	253	5.299,00	2025-09-09 21:37:20.890584
1168	256	4.882,89	2025-09-09 21:37:21.022213
1169	254	4.579,00	2025-09-09 21:37:21.156628
1170	159	11.329,00	2025-09-09 21:37:21.289148
1171	262	137,97	2025-09-09 21:58:48.871568
1172	263	230,57	2025-09-09 21:58:54.069683
1173	264	1.922,94	2025-09-09 21:59:03.585844
1174	265	971,99	2025-09-09 21:59:17.02713
1175	266	398,90	2025-09-09 21:59:35.134185
1176	262	137,97	2025-09-09 22:00:02.412143
1177	263	230,57	2025-09-09 22:00:02.519868
1178	264	1.922,94	2025-09-09 22:00:02.626193
1179	265	971,99	2025-09-09 22:00:02.732039
1180	266	398,90	2025-09-09 22:00:02.832875
1181	262	137,97	2025-09-09 22:01:03.644686
1182	267	216,00	2025-09-09 22:01:03.746858
1183	264	1.922,94	2025-09-09 22:01:03.849437
1184	265	971,99	2025-09-09 22:01:03.960056
1185	266	398,90	2025-09-09 22:01:04.168446
1186	262	137,97	2025-09-09 22:27:06.622597
1187	263	230,57	2025-09-09 22:27:06.725702
1188	264	1.922,94	2025-09-09 22:27:06.924183
1189	265	971,99	2025-09-09 22:27:07.024021
1190	266	398,90	2025-09-09 22:27:07.12395
1191	262	137,97	2025-09-09 22:28:42.555431
1192	263	230,57	2025-09-09 22:28:42.657004
1193	264	1.922,94	2025-09-09 22:28:42.756159
1194	265	971,99	2025-09-09 22:28:42.854934
1195	266	398,90	2025-09-09 22:28:42.953023
1196	268	648,90	2025-09-11 12:54:37.253838
1197	269	1.799,10	2025-09-11 12:54:37.438835
1198	264	2.197,62	2025-09-11 12:54:37.541887
1199	270	1.554,65	2025-09-11 12:54:37.752339
1200	271	57,90	2025-09-11 12:54:37.985368
1201	269	1.799,10	2025-09-11 13:03:14.704187
1202	268	648,90	2025-09-11 13:03:14.810496
1203	264	2.197,62	2025-09-11 13:03:14.911827
1204	270	1.554,65	2025-09-11 13:03:15.011741
1205	271	57,90	2025-09-11 13:03:15.119605
1206	269	1.799,10	2025-09-12 20:30:13.305022
1207	272	1.848,90	2025-09-12 20:30:13.438682
1208	273	5.399,10	2025-09-12 20:30:13.545196
1209	264	2.197,62	2025-09-12 20:30:13.646657
1210	271	57,90	2025-09-12 20:30:13.746378
1211	269	1.799,10	2025-09-12 21:13:52.547043
1212	268	648,90	2025-09-12 21:13:52.651682
1213	264	2.197,62	2025-09-12 21:13:52.755994
1214	271	57,90	2025-09-12 21:13:52.855932
1215	274	2.384,60	2025-09-12 21:13:52.959771
1216	269	1.799,10	2025-09-12 21:14:28.822477
1217	268	648,90	2025-09-12 21:14:28.92924
1218	264	2.197,62	2025-09-12 21:14:29.033856
1219	271	57,90	2025-09-12 21:14:29.138015
1220	274	2.384,60	2025-09-12 21:14:29.243342
1221	269	1.799,10	2025-09-12 21:16:57.642334
1222	268	648,90	2025-09-12 21:16:57.845071
1223	264	2.197,62	2025-09-12 21:16:57.945452
1224	271	57,90	2025-09-12 21:16:58.146065
1225	274	2.384,60	2025-09-12 21:16:58.252236
1226	269	1.799,10	2025-09-12 21:25:14.804016
1227	268	648,90	2025-09-12 21:25:14.908784
1228	264	2.197,62	2025-09-12 21:25:15.007574
1229	271	57,90	2025-09-12 21:25:15.209265
1230	274	2.384,60	2025-09-12 21:25:15.307892
1231	269	1.799,10	2025-09-12 21:26:28.733052
1232	268	648,90	2025-09-12 21:26:28.835144
1233	264	2.197,62	2025-09-12 21:26:29.0408
1234	271	57,90	2025-09-12 21:26:29.269035
1235	274	2.384,60	2025-09-12 21:26:29.384996
1236	275	3.099,00	2025-09-12 21:29:10.526434
1237	222	8.899,00	2025-09-12 21:29:10.711136
1238	276	92,90	2025-09-12 21:29:10.964704
1239	277	350,99	2025-09-12 21:29:11.107644
1240	278	4.899,00	2025-09-12 21:29:11.252624
1241	279	13868,68	2025-09-12 21:30:25.627175
1242	280	138,48	2025-09-12 21:30:25.770417
1243	247	3.959,00	2025-09-12 21:30:25.918798
1244	252	3.959,00	2025-09-12 21:30:26.063665
1245	153	1.799,00	2025-09-12 21:30:26.2219
1246	157	5.271,40	2025-09-12 21:31:21.217669
1247	253	5.299,00	2025-09-12 21:31:21.455032
1248	254	4.579,00	2025-09-12 21:31:21.589549
1249	159	11.329,00	2025-09-12 21:31:21.732457
1250	158	5.271,40	2025-09-12 21:31:21.8682
1251	269	1.799,10	2025-09-12 21:32:42.4537
1252	268	648,90	2025-09-12 21:32:42.553324
1253	264	2.197,62	2025-09-12 21:32:42.651691
1254	271	57,90	2025-09-12 21:32:42.85376
1255	274	2.384,60	2025-09-12 21:32:43.054554
1256	281	1.619,00	2025-09-12 21:33:34.141267
1257	282	1.349,10	2025-09-12 21:33:34.394693
1258	283	2.124,15	2025-09-12 21:33:34.55246
1259	284	3.240,00	2025-09-12 21:33:34.706024
1260	275	3.099,00	2025-09-12 23:02:33.435407
1261	276	92,90	2025-09-12 23:02:33.685134
1262	285	1.129,90	2025-09-12 23:02:33.828394
1263	286	719,91	2025-09-12 23:02:33.978971
1264	287	15.999,20	2025-09-12 23:02:34.239741
1265	279	13868,68	2025-09-12 23:03:34.766974
1266	252	138,48	2025-09-12 23:03:34.911227
1267	288	14548,00	2025-09-12 23:03:35.160044
1268	247	145,00	2025-09-12 23:03:35.316851
1269	280	779,00	2025-09-12 23:03:35.487819
1270	157	5.271,40	2025-09-12 23:04:30.752951
1271	253	5.299,00	2025-09-12 23:04:30.899994
1272	254	4.579,00	2025-09-12 23:04:31.133565
1273	159	11.329,00	2025-09-12 23:04:31.269299
1274	158	5.271,40	2025-09-12 23:04:31.406029
1275	289	30,10	2025-09-12 23:05:45.962407
1276	290	286,75	2025-09-12 23:05:46.093976
1277	264	2.197,62	2025-09-12 23:05:46.215639
1278	271	57,90	2025-09-12 23:05:46.325907
1279	274	2.384,60	2025-09-12 23:05:46.434433
1280	291	799,00	2025-10-24 23:46:00.743038
1281	292	269,00	2025-10-24 23:46:00.955398
1282	293	207,86	2025-10-24 23:46:01.1333
1283	294	219,00	2025-10-24 23:46:01.298877
1284	295	49,90	2025-10-24 23:46:01.449396
1285	291	799,00	2025-10-24 23:51:55.541974
1286	292	269,00	2025-10-24 23:51:55.811207
1287	293	207,86	2025-10-24 23:51:56.058063
1288	294	219,00	2025-10-24 23:51:56.203991
1289	295	49,90	2025-10-24 23:51:56.34882
\.


--
-- Data for Name: tbl_lojas; Type: TABLE DATA; Schema: public; Owner: postgres
--

COPY public.tbl_lojas (id, nome) FROM stdin;
1	Amazon
2	Mercado Livre
3	Americanas
4	Magazine Luiza
5	Casas Bahia
\.


--
-- Data for Name: tbl_pagina_produto; Type: TABLE DATA; Schema: public; Owner: postgres
--

COPY public.tbl_pagina_produto (id, avaliacao, quant_avaliacao, parcelas, imagens_url, ficha_tecnica, descr_completa) FROM stdin;
\.


--
-- Data for Name: tbl_pdtos_monitorados_usr; Type: TABLE DATA; Schema: public; Owner: postgres
--

COPY public.tbl_pdtos_monitorados_usr (id, usuario_id, produto_id, criado_em) FROM stdin;
\.


--
-- Data for Name: tbl_produtos_categorias; Type: TABLE DATA; Schema: public; Owner: postgres
--

COPY public.tbl_produtos_categorias (produto_id, categoria_id) FROM stdin;
148	7
149	7
150	3
151	3
152	2
152	3
152	6
153	2
153	3
153	6
154	3
155	7
156	1
156	6
157	1
157	6
158	1
158	6
159	1
159	6
160	1
160	6
161	2
161	6
162	2
162	4
162	6
163	2
163	6
164	2
164	6
165	6
166	1
166	6
167	1
167	6
168	6
169	2
169	6
170	2
170	6
171	2
171	6
172	7
173	3
174	7
175	3
176	7
177	7
179	7
180	6
180	1
181	7
182	7
183	7
184	7
185	3
198	7
199	5
200	7
201	5
202	3
203	7
204	5
205	1
205	6
206	7
207	7
208	7
209	7
210	3
211	7
212	7
213	3
214	3
215	5
216	3
217	3
218	7
219	7
220	7
221	5
222	3
223	7
224	6
224	1
225	3
226	3
227	1
227	6
228	6
228	1
229	5
230	3
231	1
231	6
232	5
233	3
234	3
235	7
236	2
236	6
236	3
237	7
238	6
238	2
239	7
240	3
241	5
242	7
243	3
244	7
245	3
246	3
247	3
248	7
249	3
250	7
251	3
252	3
253	1
253	6
254	1
254	6
255	1
255	6
256	1
256	6
257	1
257	6
258	7
259	7
260	7
261	7
262	7
263	6
264	6
265	6
266	4
267	7
268	2
268	6
269	2
269	6
270	6
271	5
272	6
273	6
273	1
274	6
275	3
276	7
277	5
278	3
279	7
280	3
281	6
282	2
282	6
283	6
284	6
285	7
286	7
287	3
288	7
289	2
289	6
290	3
291	7
292	7
293	7
294	7
295	3
\.


--
-- Data for Name: tbl_produtos_tela_ini; Type: TABLE DATA; Schema: public; Owner: postgres
--

COPY public.tbl_produtos_tela_ini (id, nome_produto, preco, url, imagem_url, site_origem, criado_em) FROM stdin;
258	Chocolate Twix Original Individual 40g	4,49	https://www.americanas.com.br/chocolate-twix-original-individual-40g-1831639753/p	https://americanas.vtexassets.com/arquivos/ids/508457/1831639770_1SZ.jpg?v=638750830004530000	Americanas	2025-09-08 00:00:00
267	TIM Chip Kit 20 unidades: 10 sem recarga e 10 com recarga	216,00	https://www.magazineluiza.com.br/tim-chip-kit-20-unidades-10-sem-recarga-e-10-com-recarga/p/bekk546h9c/te/chpc/?ads=patrocinado&seller_id=lojatim	https://a-static.mlcdn.com.br/280x210/tim-chip-kit-20-unidades-10-sem-recarga-e-10-com-recarga/lojatim/50/40e31739305aa4c9c0b0390811941bea.jpeg	Magazine Luiza	2025-09-09 00:00:00
268	Smartphone Samsung Galaxy A06 5G 128GB 4GB RAM Preto Cm. 50MP + Selfie 8MP	648,90	https://www.magazineluiza.com.br/smartphone-samsung-galaxy-a06-5g-128gb-4gb-ram-preto-cam-50mp-selfie-8mp/p/240149600/te/ga06/?ads=patrocinado&seller_id=magazineluiza	https://a-static.mlcdn.com.br/280x210/smartphone-samsung-galaxy-a06-5g-128gb-4gb-ram-preto-cam-50mp-selfie-8mp/magazineluiza/240149600/3062ab2bf850f5ce9be4abe4824fba9d.jpg	Magazine Luiza	2025-09-11 00:00:00
276	Suporte Articulado Para Monitor Zinnia Nimbo 110 | Com Pisto a Gs | 13 a 32 Polegadas | Preto | ZNO-ZNNBO110-BK01	92,90	https://www.amazon.com.br/Suporte-Articulado-Zinnia-Polegadas-ZNO-ZNNBO110-BK01/dp/B0F7Y2M7VS?pd_rd_w=0mxza&content-id=amzn1.sym.828de3bf-2f14-4174-a8d7-8b6108724168&pf_rd_p=828de3bf-2f14-4174-a8d7-8b6108724168&pf_rd_r=CQE2CHDRAHNJAW9FXCB6&pd_rd_wg=1RYJE&pd_rd_r=a2b5b995-a28d-4053-a720-fe3e406be5db&pd_rd_i=B0F7Y2M7VS	https://m.media-amazon.com/images/I/210vnRaoWbL._SR480,440_.jpg	Amazon	2025-09-12 00:00:00
289	Carregador Turbo Tipo - C Fonte 45W + Cabo Compatvel com Samsung Galaxy Carga Ultra Rpida	30,10	https://www.magazineluiza.com.br/carregador-turbo-tipo-c-fonte-45w-cabo-compativel-com-samsung-galaxy-carga-ultra-rapida-hoco/p/fbj3h43d5d/te/cgpc/?ads=patrocinado&seller_id=santoficial	https://a-static.mlcdn.com.br/280x210/carregador-turbo-tipo-c-fonte-45w-cabo-compativel-com-samsung-galaxy-carga-ultra-rapida-hoco/santoficial/45wmaisbarato/9a60f3bfaccc4fbc2a27a9f8c838f64f.jpeg	Magazine Luiza	2025-09-12 00:00:00
294	Monitor 19 Polegadas VST | 60Hz | HD | 5ms | HDMI/VGA | VST-VST19-BL01	219,00	https://www.amazon.com.br/Monitor-Polegadas-VST-60Hz-VST-VST19-BL01/dp/B0DPLCHV23?pd_rd_w=fFlOf&content-id=amzn1.sym.828de3bf-2f14-4174-a8d7-8b6108724168&pf_rd_p=828de3bf-2f14-4174-a8d7-8b6108724168&pf_rd_r=JPA07QDFA18V8NYEDH4P&pd_rd_wg=cWrDK&pd_rd_r=94b566a3-dd23-44bc-b9d9-61d5b4ed0f7b&pd_rd_i=B0DPLCHV23	https://m.media-amazon.com/images/I/41uPkCWiB8L._SR480,440_.jpg	Amazon	2025-10-24 00:00:00
269	Smartphone Samsung Galaxy A56 128GB 5G 8GB RAM Preto 6,7" Cm Tripla + Selfie 12MP	1.799,10	https://www.magazineluiza.com.br/smartphone-samsung-galaxy-a56-128gb-5g-8gb-ram-preto-67-cam-tripla-selfie-12mp/p/240095600/te/ga56/?ads=patrocinado&seller_id=magazineluiza	https://a-static.mlcdn.com.br/280x210/smartphone-samsung-galaxy-a56-128gb-5g-8gb-ram-preto-67-cam-tripla-selfie-12mp/magazineluiza/240095600/0d10761633c1697ab4e86a1277845d7b.jpg	Magazine Luiza	2025-09-11 00:00:00
259	Cookie Prestgio Gotas de Chocolate 60g	3,99	https://www.americanas.com.br/cookie-prestigio-60g-nestle-3579101184/p	https://americanas.vtexassets.com/arquivos/ids/32679799/64c15a73c416c532ea732ddf_1%20-1-.jpg?v=638854351206870000	Americanas	2025-09-08 00:00:00
272	Smartphone Motorola Edge 60 Fusion 256GB Cinza 5G 8GB RAM 6,7" Cm. Dupla + Selfie 32MP	1.848,90	https://www.magazineluiza.com.br/smartphone-motorola-edge-60-fusion-256gb-cinza-5g-8gb-ram-67-cam-dupla-selfie-32mp/p/240111500/te/me6f/?ads=patrocinado&seller_id=magazineluiza	https://a-static.mlcdn.com.br/280x210/smartphone-motorola-edge-60-fusion-256gb-cinza-5g-8gb-ram-67-cam-dupla-selfie-32mp/magazineluiza/240111500/8883d40fc13a496d704af08bcbb3d022.jpg	Magazine Luiza	2025-09-12 00:00:00
148	Headset Gamer Logitech G335 com Almofadas com Espuma de Memria, Design Leve e Conexo 3,5mm para PC, PlayStation, Xbox, Nintendo Switch e Mobile - Preto	249,00	https://www.amazon.com.br/Headset-Logitech-Almofadas-PlayStation-Nintendo/dp/B08KKBSDTY?pd_rd_w=PeXLT&content-id=amzn1.sym.828de3bf-2f14-4174-a8d7-8b6108724168&pf_rd_p=828de3bf-2f14-4174-a8d7-8b6108724168&pf_rd_r=8YDDYZYZGT3TAJVCHHBS&pd_rd_wg=gJsYI&pd_rd_r=1e6ee1b1-ac02-4b80-a852-5178b8262127&pd_rd_i=B08KKBSDTY	https://m.media-amazon.com/images/I/41M95jhVAHL._SR480,440_.jpg	Amazon	2025-07-07 00:00:00
149	HUION Mesa digitalizadora Kamvas Pro 16 2.5K QHD com tela QLED Tablet grfico totalmente laminado com caneta, tablet de arte digital de 15,6 polegadas compatvel com Mac, PC, Android e Linux	2.678,00	https://www.amazon.com.br/desenho-gr%C3%A1fico-HUION-lamina%C3%A7%C3%A3o-polegadas/dp/B09FDZG55G?pd_rd_w=PeXLT&content-id=amzn1.sym.828de3bf-2f14-4174-a8d7-8b6108724168&pf_rd_p=828de3bf-2f14-4174-a8d7-8b6108724168&pf_rd_r=8YDDYZYZGT3TAJVCHHBS&pd_rd_wg=gJsYI&pd_rd_r=1e6ee1b1-ac02-4b80-a852-5178b8262127&pd_rd_i=B09FDZG55G	https://m.media-amazon.com/images/I/41SeEWZvZSL._SR480,440_.jpg	Amazon	2025-07-07 00:00:00
150	Notebook Dell Inspiron I15-I1300-M70P 15.6" Full HD 13 Gen Intel Core i7 16GB 512GB SSD Win 11 Preto Carbono	4.399,00	https://www.amazon.com.br/Notebook-Dell-Inspiron-I15-I1300-M70P-Carbono/dp/B0CWPJ9V2R?pd_rd_w=PeXLT&content-id=amzn1.sym.828de3bf-2f14-4174-a8d7-8b6108724168&pf_rd_p=828de3bf-2f14-4174-a8d7-8b6108724168&pf_rd_r=8YDDYZYZGT3TAJVCHHBS&pd_rd_wg=gJsYI&pd_rd_r=1e6ee1b1-ac02-4b80-a852-5178b8262127&pd_rd_i=B0CWPJ9V2R	https://m.media-amazon.com/images/I/41iXF7dHC7L._SR480,440_.jpg	Amazon	2025-07-07 00:00:00
151	Notebook Gamer Acer Nitro V ANV15-51-57WS Intel Core i5-13420H 13Gerao 512SSD 8GB Nvidia GeForce RTX 3050 GDDR6 Linux Gutta 15,6'	4.679,00	https://www.mercadolivre.com.br/notebook-gamer-acer-nitro-v-anv15-51-57ws-intel-core-i5-13420h-13geraco-512ssd-8gb-nvidia-geforce-rtx-3050-gddr6-linux-gutta-156/p/MLB37396835?pdp_filters=deal:MLB779362-1#wid=MLB3722589767&sid=search&searchVariation=MLB37396835&position=2&search_layout=stack&type=product&tracking_id=3da9b6f4-cbac-4cba-bd65-9682d61abb53&c_container_id=MLB779362-1&c_id=%2Fsplinter%2Fcarouseldynamicitem&c_element_order=1&c_campaign=ofertas-para-comprar-agora-%F0%9F%94%A5&c_label=%2Fsplinter%2Fcarouseldynamicitem&c_uid=259430e0-5b9c-11f0-ba39-5f018c188434&c_element_id=259430e0-5b9c-11f0-ba39-5f018c188434&c_global_position=7&deal_print_id=259939f0-5b9c-11f0-ab3c-3df41c30bfa6&c_tracking_id=259939f0-5b9c-11f0-ab3c-3df41c30bfa6	https://http2.mlstatic.com/D_Q_NP_757417-MLU76569758316_062024-P.webp	Mercado Livre	2025-07-07 00:00:00
154	Notebook Gamer Acer Nitro V Intel Core I5 - 13420H, 8GB Ram, 512GB SSD, NVIDIA RTX4050, Windows 11 Home, Tela 15,6" Full HD - ANV15-51-54DL	2.898,00	https://www.mercadolivre.com.br/notebook-gamer-acer-nitro-v-intel-core-i5-13420h-8gb-ram-512gb-ssd-nvidia-rtx4050-windows-11-home-tela-156-full-hd-anv15-51-54dl/p/MLB37728210?pdp_filters=deal:MLB779362-1#wid=MLB4844389174&sid=search&searchVariation=MLB37728210&position=5&search_layout=stack&type=product&tracking_id=3da9b6f4-cbac-4cba-bd65-9682d61abb53&c_container_id=MLB779362-1&c_id=%2Fsplinter%2Fcarouseldynamicitem&c_element_order=4&c_campaign=ofertas-para-comprar-agora-%F0%9F%94%A5&c_label=%2Fsplinter%2Fcarouseldynamicitem&c_uid=259430e3-5b9c-11f0-ba39-5f018c188434&c_element_id=259430e3-5b9c-11f0-ba39-5f018c188434&c_global_position=7&deal_print_id=259939f0-5b9c-11f0-ab3c-3df41c30bfa6&c_tracking_id=259939f0-5b9c-11f0-ab3c-3df41c30bfa6	https://http2.mlstatic.com/D_Q_NP_975685-MLU77397723195_072024-P.webp	Mercado Livre	2025-07-07 00:00:00
155	Impressora multifuncional cor Epson EcoTank L4260	3.839,00	https://www.mercadolivre.com.br/impressora-multifuncional-cor-epson-ecotank-l4260/p/MLB18462372?pdp_filters=deal:MLB779362-1#wid=MLB5364050608&sid=search&searchVariation=MLB18462372&position=6&search_layout=stack&type=product&tracking_id=3da9b6f4-cbac-4cba-bd65-9682d61abb53&c_container_id=MLB779362-1&c_id=%2Fsplinter%2Fcarouseldynamicitem&c_element_order=5&c_campaign=ofertas-para-comprar-agora-%F0%9F%94%A5&c_label=%2Fsplinter%2Fcarouseldynamicitem&c_uid=259430e4-5b9c-11f0-ba39-5f018c188434&c_element_id=259430e4-5b9c-11f0-ba39-5f018c188434&c_global_position=7&deal_print_id=259939f0-5b9c-11f0-ab3c-3df41c30bfa6&c_tracking_id=259939f0-5b9c-11f0-ab3c-3df41c30bfa6	https://http2.mlstatic.com/D_Q_NP_810031-MLA84846513529_052025-P.webp	Mercado Livre	2025-07-07 00:00:00
152	Notebook Samsung Galaxy Book4 Intel U300 (1.20 Ghz, at 4.4GHz, 8 MB L3 Cache), Windows 11 Home, 8GB, 256GB SSD, UHD Graphics, 15.6'' Full HD LED, 1.55kg	2.899,00	https://www.mercadolivre.com.br/notebook-samsung-galaxy-book4-intel-u300-120-ghz-ate-44ghz-8-mb-l3-cache-windows-11-home-8gb-256gb-ssd-uhd-graphics-156-full-hd-led-155kg/p/MLB40347107?pdp_filters=deal:MLB779362-1#wid=MLB3847742125&sid=search&searchVariation=MLB40347107&position=1&search_layout=stack&type=product&tracking_id=03ad6906-7b8d-4aa9-bfbc-ec69d0131eec&c_container_id=MLB779362-1&c_id=%2Fsplinter%2Fcarouseldynamicitem&c_element_order=1&c_campaign=ofertas-para-comprar-agora-%F0%9F%94%A5&c_label=%2Fsplinter%2Fcarouseldynamicitem&c_uid=9a953fa5-8212-11f0-9cf1-9975650224e6&c_element_id=9a953fa5-8212-11f0-9cf1-9975650224e6&c_global_position=5&deal_print_id=9a9cb9b0-8212-11f0-9cc5-554799347d43&c_tracking_id=9a9cb9b0-8212-11f0-9cc5-554799347d43	https://http2.mlstatic.com/D_Q_NP_876091-MLU78776215826_092024-P.webp	Mercado Livre	2025-07-07 00:00:00
156	iPhone 13 Apple 128GB iOS 5G Wi-Fi Tela 6.1'' Cmera Dupla 12MP - Estelar	4.579,00	https://www.americanas.com.br/iphone-13-apple-128gb-ios-5g-wi-fi-tela-6-1-camera-dupla-12mp-estelar-4864628680/p	https://americanas.vtexassets.com/arquivos/ids/30035456/4864628698_1SZ.jpg?v=638792860509300000	Americanas	2025-07-07 00:00:00
160	Apple iPhone 16 Pro Max 256GB Titnio branco	11.369,00	https://www.americanas.com.br/apple-iphone-16-pro-max-256gb-titanio-branco-7508526682/p	https://americanas.vtexassets.com/arquivos/ids/429831/7508526688_1SZ.jpg?v=638750822439800000	Americanas	2025-07-07 00:00:00
161	Smartphone Samsung Galaxy A56 128GB 5G 8GB RAM Rosa 6,7" Cm. Tripla + Selfie 12MP	1.969,00	https://www.magazineluiza.com.br/smartphone-samsung-galaxy-a56-128gb-5g-8gb-ram-rosa-67-cam-tripla-selfie-12mp/p/240097200/te/ga56/	https://a-static.mlcdn.com.br/280x210/smartphone-samsung-galaxy-a56-128gb-5g-8gb-ram-rosa-67-cam-tripla-selfie-12mp/magazineluiza/240097200/d9169f94917a9bb1de62d34fc43bb0ad.jpg	Magazine Luiza	2025-07-07 00:00:00
162	Smartwatch Samsung Galaxy Watch7 44mm Verde 32GB Bluetooth	1.304,10	https://www.magazineluiza.com.br/smartwatch-samsung-galaxy-watch7-44mm-verde-32gb-bluetooth/p/238533400/te/gawa/	https://a-static.mlcdn.com.br/280x210/smartwatch-samsung-galaxy-watch7-44mm-verde-32gb-bluetooth/magazineluiza/238533400/d078f0a48b70e8342e2851a67b66c184.jpg	Magazine Luiza	2025-07-07 00:00:00
163	Smartphone Samsung Galaxy A06 128GB 4GB RAM Azul Escuro 6,7" Cm. Dupla + Selfie 8MP	649,00	https://www.magazineluiza.com.br/smartphone-samsung-galaxy-a06-128gb-4gb-ram-azul-escuro-67-cam-dupla-selfie-8mp/p/238657700/te/ga06/	https://a-static.mlcdn.com.br/280x210/smartphone-samsung-galaxy-a06-128gb-4gb-ram-azul-escuro-67-cam-dupla-selfie-8mp/magazineluiza/238657700/fca7f701abc03293954ba82835473323.jpg	Magazine Luiza	2025-07-07 00:00:00
164	Smartphone Samsung Galaxy A16 128GB Verde Claro 5G 4GB RAM 6,7" FHD+ Cm Tripla at 50MP + Selfie 13MP Bateria 5000mAh	1.259,10	https://www.magazineluiza.com.br/smartphone-samsung-galaxy-a16-128gb-verde-claro-5g-4gb-ram-67-fhd-cam-tripla-ate-50mp-selfie-13mp-bateria-5000mah/p/238898700/te/ga16/	https://a-static.mlcdn.com.br/280x210/smartphone-samsung-galaxy-a16-128gb-verde-claro-5g-4gb-ram-67-fhd-cam-tripla-ate-50mp-selfie-13mp-bateria-5000mah/magazineluiza/238898700/a2038a19d7577c4cedb245ddb88217ca.jpg	Magazine Luiza	2025-07-07 00:00:00
165	Smartphone Motorola Moto G75 256GB Cinza 5G 8GB RAM 6,8" Cm. Dupla Selfie 16MP	1.664,10	https://www.magazineluiza.com.br/smartphone-motorola-moto-g75-256gb-cinza-5g-8gb-ram-68-cam-dupla-selfie-16mp/p/238836300/te/srmt/	https://a-static.mlcdn.com.br/280x210/smartphone-motorola-moto-g75-256gb-cinza-5g-8gb-ram-68-cam-dupla-selfie-16mp/magazineluiza/238836300/c940945838094cb576480b1e8f1cc305.jpg	Magazine Luiza	2025-07-07 00:00:00
166	Apple iPhone 16 128GB - Ultramarino	5.100,00	https://www.casasbahia.com.br/apple-iphone-16-128gb-ultramarino/p/55067624	https://imgs.casasbahia.com.br/55067624/1g.jpg?imwidth=180	Casas Bahia	2025-07-07 00:00:00
167	Apple iPhone 14 128GB - Meia-noite	3.779,10	https://www.casasbahia.com.br/apple-iphone-14-128gb-meia-noite/p/55058313	https://imgs.casasbahia.com.br/55058313/1g.jpg?imwidth=180	Casas Bahia	2025-07-07 00:00:00
168	Smartphone Motorola Moto g15 Grafite 256GB 4GB RAM+8GB Ram Boost e Camera 50MP com AI e Night Vision, 5.200mAh Tela FHD+ 6.7" Superbrilho e NFC	850,00	https://www.casasbahia.com.br/smartphone-motorola-moto-g15-grafite-256gb-4gb-ram-8gb-ram-boost-e-camera-50mp-com-ai-e-night-vision-5-200mah-tela-fhd-6-7-superbrilho-e-nfc/p/55068314	https://imgs.casasbahia.com.br/55068314/1g.jpg?imwidth=180	Casas Bahia	2025-07-07 00:00:00
169	Smartphone Samsung Galaxy A16 Cinza, 128GB, 4GB RAM, Cmera de at 50MP, Tela 6.7", NFC, IP54, Bateria 5000 mAh e Processador Helio G99	989,00	https://www.casasbahia.com.br/smartphone-samsung-galaxy-a16-cinza-128gb-4gb-ram-camera-de-ate-50mp-tela-6-7-nfc-ip54-bateria-5000-mah-e-processador-helio-g99/p/55068267	https://imgs.casasbahia.com.br/55068267/1g.jpg?imwidth=180	Casas Bahia	2025-07-07 00:00:00
170	Smartphone Samsung Galaxy A15 4G Azul Escuro 128GB, 4GB RAM, Processador Octa-Core, Cmera Tripla Traseira, Selfie de 13MP, Tela Infinita de 6.5" 90Hz	899,10	https://www.casasbahia.com.br/smartphone-samsung-galaxy-a15-4g-azul-escuro-128gb-4gb-ram-processador-octa-core-camera-tripla-traseira-selfie-de-13mp-tela-infinita-de-6-5-90hz/p/55065634	https://imgs.casasbahia.com.br/55065634/1g.jpg?imwidth=180	Casas Bahia	2025-07-07 00:00:00
260	Biscoito Salgado Club Social Cebola com Sour Cream 141g	5,99	https://www.americanas.com.br/biscoito-salgado-club-social-cebola-com-sour-cream-141g-4857209727/p	https://americanas.vtexassets.com/arquivos/ids/446658/4857209735_1SZ.jpg?v=638815385948470000	Americanas	2025-09-08 00:00:00
159	Apple iPhone 16 Pro Max 512GB Titnio natural	11.329,00	https://www.americanas.com.br/apple-iphone-16-pro-max-512gb-titanio-natural-7508562040/p	https://americanas.vtexassets.com/arquivos/ids/420702/7508562041_1SZ.jpg?v=638750819838830000	Americanas	2025-07-07 00:00:00
174	Mochila Executiva Swissport com Entrada USB e Bolso Antifurto	386,91	https://www.amazon.com.br/Mochila-Executiva-Swissport-Entrada-Antifurto/dp/B0F95SNLVG?pd_rd_w=mWkA1&content-id=amzn1.sym.828de3bf-2f14-4174-a8d7-8b6108724168&pf_rd_p=828de3bf-2f14-4174-a8d7-8b6108724168&pf_rd_r=TCS5NQXRA45CYRKCCBF3&pd_rd_wg=No3AE&pd_rd_r=95557140-b439-4e8c-afc2-29ca89027752&pd_rd_i=B0F95SNLVG	https://m.media-amazon.com/images/I/317SqKY5B8L._SR480,440_.jpg	Amazon	2025-07-18 00:00:00
173	Gshield Capa Ergonmica para Notebook de at 15.6" polegadas com Mousepad Embutido e Elevao de Altura, Smart Dinamic (Preta)	159,99	https://www.amazon.com.br/Gshield-Ergon%C3%B4mica-Notebook-Polegadas-Mousepad/dp/B09LXSBCYQ?pd_rd_w=m3Gsc&content-id=amzn1.sym.828de3bf-2f14-4174-a8d7-8b6108724168&pf_rd_p=828de3bf-2f14-4174-a8d7-8b6108724168&pf_rd_r=2T6CZMXYW2NVAREJTG3P&pd_rd_wg=E71YM&pd_rd_r=2be55138-38b3-428f-b11e-1673f55ba9b8&pd_rd_i=B09LXSBCYQ	https://m.media-amazon.com/images/I/41LW0e6V7uL._SR480,440_.jpg	Amazon	2025-07-18 00:00:00
172	WB Capa com Teclado e trackpad para iPad 10 e 11 Gerao 10.9" Polegadas com Auto Hibernao (Preto)	217,93	https://www.amazon.com.br/WB-Teclado-trackpad-Polegadas-Hiberna%C3%A7%C3%A3o/dp/B0CC6G7KPC?pd_rd_w=fr5fP&content-id=amzn1.sym.828de3bf-2f14-4174-a8d7-8b6108724168&pf_rd_p=828de3bf-2f14-4174-a8d7-8b6108724168&pf_rd_r=KXBZQN5QFQ08TVWW6KG7&pd_rd_wg=p9W1O&pd_rd_r=971c3cdd-6497-4671-823f-c4715730654c&pd_rd_i=B0CC6G7KPC	https://m.media-amazon.com/images/I/416VQFm1nRL._SR480,440_.jpg	Amazon	2025-07-18 00:00:00
158	IPhone 16 Apple (128GB) Rosa, Tela de 6,1, 5G e Cmera de 48MP	5.271,40	https://www.americanas.com.br/iphone-16-apple-128gb-rosa-tela-de-6-1-5g-e-camera-de-48mp-7512516061/p	https://americanas.vtexassets.com/arquivos/ids/5180207/7512516065_1_xlarge.jpg?v=638822351985930000	Americanas	2025-07-07 00:00:00
157	IPhone 16 Apple (128GB) Preto, Tela de 6,1, 5G e Cmera de 48MP	5.271,40	https://www.americanas.com.br/iphone-16-apple-128gb-preto-tela-de-6-1-5g-e-camera-de-48mp-7512516013/p	https://americanas.vtexassets.com/arquivos/ids/25720686/7512516017_1_xlarge.jpg?v=638822350670400000	Americanas	2025-07-07 00:00:00
179	Repetidor Amplificador de Sinal Wireless Aumente o alcance do seu Wi-Fi em at 10m Homologado pela ANATEL. Ideal para 110v/220v	43,26	https://www.amazon.com.br/Repetidor-Amplificador-Wireless-Aumente-Homologado/dp/B0DCX5KVQC?pd_rd_w=vwCiN&content-id=amzn1.sym.828de3bf-2f14-4174-a8d7-8b6108724168&pf_rd_p=828de3bf-2f14-4174-a8d7-8b6108724168&pf_rd_r=YJ8RP1A75EA0X4346K1A&pd_rd_wg=lRzYa&pd_rd_r=5e331996-08c3-49b1-ba29-a8c22ed4369c&pd_rd_i=B0DCX5KVQC	https://m.media-amazon.com/images/I/31VG2V2O9XL._SR480,440_.jpg	Amazon	2025-07-19 00:00:00
171	SAMSUNG Monitor Gamer Odyssey 27", FHD, 240 Hz, 1ms, com ajuste de altura, HDMI, DP, Gsync, Freesync, Preto, Srie G40	1.399,00	https://www.amazon.com.br/SAMSUNG-Monitor-Odyssey-ajuste-Freesync/dp/B0B8F7C61M?pd_rd_w=fr5fP&content-id=amzn1.sym.828de3bf-2f14-4174-a8d7-8b6108724168&pf_rd_p=828de3bf-2f14-4174-a8d7-8b6108724168&pf_rd_r=KXBZQN5QFQ08TVWW6KG7&pd_rd_wg=p9W1O&pd_rd_r=971c3cdd-6497-4671-823f-c4715730654c&pd_rd_i=B0B8F7C61M	https://m.media-amazon.com/images/I/41lyfNHWdgL._SR480,440_.jpg	Amazon	2025-07-18 00:00:00
175	Gshield Adaptador Hub Multifuncional 6 em 1 USB-C, Hub USB 3.0 com Sada HDMI 4K Leitor de Carto SD, Micro SD e TF para Notebook e PC, Prata	159,99	https://www.amazon.com.br/Gshield-Adaptador-Multifuncional-Leitor-Notebook/dp/B0DG62NQ33?pd_rd_w=m3Gsc&content-id=amzn1.sym.828de3bf-2f14-4174-a8d7-8b6108724168&pf_rd_p=828de3bf-2f14-4174-a8d7-8b6108724168&pf_rd_r=2T6CZMXYW2NVAREJTG3P&pd_rd_wg=E71YM&pd_rd_r=2be55138-38b3-428f-b11e-1673f55ba9b8&pd_rd_i=B0DG62NQ33	https://m.media-amazon.com/images/I/31Fl3cqYcBL._SR480,440_.jpg	Amazon	2025-07-18 00:00:00
176	Cabo Turbo Militar Tipo C para Carregamento rpido 3A - Type C/USB A - Qualcomm 3.0, Nylon tranado, 1,5 Metros - Gshield	54,99	https://www.amazon.com.br/Cabo-Turbo-Militar-Original-Gshield/dp/B07DCYK5CK?pd_rd_w=m3Gsc&content-id=amzn1.sym.828de3bf-2f14-4174-a8d7-8b6108724168&pf_rd_p=828de3bf-2f14-4174-a8d7-8b6108724168&pf_rd_r=2T6CZMXYW2NVAREJTG3P&pd_rd_wg=E71YM&pd_rd_r=2be55138-38b3-428f-b11e-1673f55ba9b8&pd_rd_i=B07DCYK5CK	https://m.media-amazon.com/images/I/41GNBB-CHlL._SR480,440_.jpg	Amazon	2025-07-19 00:00:00
261	Confeito de Chocolate ao Leite M&M's Crispy 120g	13,99	https://www.americanas.com.br/confeito-de-chocolate-ao-leite-mem-s-crispy-120g-4832321691/p	https://americanas.vtexassets.com/arquivos/ids/463083/4832321712_1SZ.jpg?v=638750826032500000	Americanas	2025-09-08 00:00:00
177	WB Teclado com Trackpad para Tablet e iPad (Preto)	160,69	https://www.amazon.com.br/WB-Teclado-Trackpad-Tablet-Preto/dp/B0CC6HC1KP?pd_rd_w=fr5fP&content-id=amzn1.sym.828de3bf-2f14-4174-a8d7-8b6108724168&pf_rd_p=828de3bf-2f14-4174-a8d7-8b6108724168&pf_rd_r=KXBZQN5QFQ08TVWW6KG7&pd_rd_wg=p9W1O&pd_rd_r=971c3cdd-6497-4671-823f-c4715730654c&pd_rd_i=B0CC6HC1KP	https://m.media-amazon.com/images/I/41rLbvNwbyL._SR480,440_.jpg	Amazon	2025-07-19 00:00:00
180	Gshield Cabo Lightning para Tipo C (iPhone/iPad) Carregamento Rpido 64,5W 3A, Revestido em Nylon Ballistico, 1,5M, Survivor Branco	97,61	https://www.amazon.com.br/Cabo-Survivor-para-Lightning-Tipo/dp/B0CFFZ3KNM?pd_rd_w=fr5fP&content-id=amzn1.sym.828de3bf-2f14-4174-a8d7-8b6108724168&pf_rd_p=828de3bf-2f14-4174-a8d7-8b6108724168&pf_rd_r=KXBZQN5QFQ08TVWW6KG7&pd_rd_wg=p9W1O&pd_rd_r=971c3cdd-6497-4671-823f-c4715730654c&pd_rd_i=B0CFFZ3KNM	https://m.media-amazon.com/images/I/31fPHw-EZWL._SR480,440_.jpg	Amazon	2025-07-19 00:00:00
183	WB Teclado com Trackpad para Tablet e iPad (Branco)	161,41	https://www.amazon.com.br/WB-Teclado-Trackpad-Tablet-Branco/dp/B0CC6GBXQW?pd_rd_w=k5fxG&content-id=amzn1.sym.828de3bf-2f14-4174-a8d7-8b6108724168&pf_rd_p=828de3bf-2f14-4174-a8d7-8b6108724168&pf_rd_r=ZQG819AHGSY9Z7WA7D2Z&pd_rd_wg=UGWBm&pd_rd_r=d8e5d7b8-187e-4372-8d1d-3ce058bafc83&pd_rd_i=B0CC6GBXQW	https://m.media-amazon.com/images/I/51QL-9NkADL._SR480,440_.jpg	Amazon	2025-07-24 00:00:00
184	Mouse Sem Fio Recarregvel Ergonmico, RGB, Silencioso, Bluetooth 5.0 + USB, DPI Ajustvel  Cinza Premium	28,40	https://www.amazon.com.br/Recarreg%C3%A1vel-Ergon%C3%B4mico-Silencioso-Bluetooth-Ajust%C3%A1vel/dp/B0F5CVYHP6?pd_rd_w=XIZ2o&content-id=amzn1.sym.828de3bf-2f14-4174-a8d7-8b6108724168&pf_rd_p=828de3bf-2f14-4174-a8d7-8b6108724168&pf_rd_r=8J48CK6BT5VZDTBHSR15&pd_rd_wg=vWNh0&pd_rd_r=e7c77ff9-dca0-4c93-8c8f-be4bb3358e7c&pd_rd_i=B0F5CVYHP6	https://m.media-amazon.com/images/I/31C0UMHBj6L._SR480,440_.jpg	Amazon	2025-07-24 00:00:00
182	PLACA DE VIDEO NV RTX5060 8GB BLACK GF 1-CLICK OC 128BITS GDDR7 GALAX 56NSN8MDDCOC	2.339,10	https://www.amazon.com.br/PLACA-RTX5060-1-CLICK-128BITS-56NSN8MDDCOC/dp/B0FCMLXTFC?pd_rd_w=k5fxG&content-id=amzn1.sym.828de3bf-2f14-4174-a8d7-8b6108724168&pf_rd_p=828de3bf-2f14-4174-a8d7-8b6108724168&pf_rd_r=ZQG819AHGSY9Z7WA7D2Z&pd_rd_wg=UGWBm&pd_rd_r=d8e5d7b8-187e-4372-8d1d-3ce058bafc83&pd_rd_i=B0FCMLXTFC	https://m.media-amazon.com/images/I/41eRm-qONML._SR480,440_.jpg	Amazon	2025-07-24 00:00:00
185	Armazm Brasil, Monitor Portatil 15,6'', FHD 1080P Monitor Porttil Conectado Com USB C Dupla/HDMI, IPS Extensor De Tela para Notebook com VESA e Funda Inteligente magntico, Plug and Play	512,99	https://www.amazon.com.br/Portatil-Port%C3%A1til-Conectado-Inteligente-magn%C3%A9tico/dp/B0DHGCX3CX?pd_rd_w=k5fxG&content-id=amzn1.sym.828de3bf-2f14-4174-a8d7-8b6108724168&pf_rd_p=828de3bf-2f14-4174-a8d7-8b6108724168&pf_rd_r=ZQG819AHGSY9Z7WA7D2Z&pd_rd_wg=UGWBm&pd_rd_r=d8e5d7b8-187e-4372-8d1d-3ce058bafc83&pd_rd_i=B0DHGCX3CX	https://m.media-amazon.com/images/I/61HF-IEm-SL._SR480,440_.jpg	Amazon	2025-07-24 00:00:00
270	Smartphone Xiaomi POCO M7 PRO 5G / NFC / 256GB 16GB RAMBOOST / LANAMENTO 2025 / Cmera  50MP OIS / FHD Plus Amoled 120Hz Celular Premium Design	1.554,65	https://www.magazineluiza.com.br/smartphone-xiaomi-poco-m7-pro-5g-nfc-256gb-16gb-ramboost-lancamento-2025-camera-dzopu-50mp-ois-fhd-plus-amoled-120hz-celular-premium-design-roso/p/hffah16cae/te/tcsp/?seller_id=mastercomerciodeprodutosltda	https://a-static.mlcdn.com.br/280x210/smartphone-xiaomi-poco-m7-pro-5g-nfc-256gb-16gb-ramboost-lancamento-2025-camera-dzopu-50mp-ois-fhd-plus-amoled-120hz-celular-premium-design-roso/mastercomerciodeprodutosltda/cel-unity-01/ce09e4620ac5f8881613584d7998aeda.jpeg	Magazine Luiza	2025-09-11 00:00:00
273	Apple iPhone 16 256GB Ultramarino 6,1" 48MP iOS 5G	5.399,10	https://www.magazineluiza.com.br/apple-iphone-16-256gb-ultramarino-61-48mp-ios-5g/p/238803200/te/ip16/?seller_id=magazineluiza	https://a-static.mlcdn.com.br/280x210/apple-iphone-16-256gb-ultramarino-61-48mp-ios-5g/magazineluiza/238803200/27ac61487f1fe0bfbdf3d5069912a2c7.jpg	Magazine Luiza	2025-09-12 00:00:00
285	Kit Upgrade Gamer AMD Ryzen 5 5500 + Placa-Me B450M + Memria RAM 16GB DDR4 + Cooler	1.129,90	https://www.amazon.com.br/Upgrade-Gamer-Placa-M%C3%A3e-Mem%C3%B3ria-Cooler/dp/B0BZZPCQ2L?pd_rd_w=0mxza&content-id=amzn1.sym.828de3bf-2f14-4174-a8d7-8b6108724168&pf_rd_p=828de3bf-2f14-4174-a8d7-8b6108724168&pf_rd_r=CQE2CHDRAHNJAW9FXCB6&pd_rd_wg=1RYJE&pd_rd_r=a2b5b995-a28d-4053-a720-fe3e406be5db&pd_rd_i=B0BZZPCQ2L	https://m.media-amazon.com/images/I/51oCMCHMJVL._SR480,440_.jpg	Amazon	2025-09-12 00:00:00
181	Placa de Vdeo Zotac Gaming - GeForce RTX 3060, Twin Edge, LHR, 12GB GDDR6	2.033,91	https://www.amazon.com.br/Placa-V%C3%ADdeo-Zotac-Gaming-GeForce/dp/B08WRF18SC?pd_rd_w=yyxFJ&content-id=amzn1.sym.828de3bf-2f14-4174-a8d7-8b6108724168&pf_rd_p=828de3bf-2f14-4174-a8d7-8b6108724168&pf_rd_r=3YBKG5VF3PCCR9VSWY5R&pd_rd_wg=edkmg&pd_rd_r=ac8e910d-e4ec-40ad-8042-dc93589f934d&pd_rd_i=B08WRF18SC	https://m.media-amazon.com/images/I/518K4YBQodL._SR480,440_.jpg	Amazon	2025-07-24 00:00:00
290	Carregador Baseus Turbo Gan5 Pro 65w Cabo 1 Metro compatvel com notebooks	286,75	https://www.magazineluiza.com.br/carregador-baseus-turbo-gan5-pro-65w-cabo-1-metro-compativel-com-notebooks/p/kf65gbk5gk/te/cdcl/?ads=patrocinado&seller_id=baseusbrasiloficial	https://a-static.mlcdn.com.br/280x210/carregador-baseus-turbo-gan5-pro-65w-cabo-1-metro-compativel-com-notebooks/baseusbrasiloficial/ccgp120202/790fcbb3b4f744154b6b82f6850fa3f9.jpeg	Magazine Luiza	2025-09-12 00:00:00
271	Relgio Inteligente D20 Notificao rede sociais Recebe Whats Fone sem fio	57,90	https://www.magazineluiza.com.br/relogio-inteligente-d20-notificacao-rede-sociais-recebe-whats-fone-sem-fio-01smart/p/ccaffg23h3/te/smtw/?seller_id=01smartltda	https://a-static.mlcdn.com.br/280x210/relogio-inteligente-d20-notificacao-rede-sociais-recebe-whats-fone-sem-fio-01smart/01smartltda/cp2-smart-d20-fonea6s-ros/e02e79524b50d30a632e7b1f58886d90.jpeg	Magazine Luiza	2025-09-11 00:00:00
274	Smartphone Xiaomi Poco X7 Pro 5G 512GB 12GB RAM Dual SIM Preto	2.384,60	https://www.magazineluiza.com.br/smartphone-xiaomi-poco-x7-pro-5g-512gb-12gb-ram-dual-sim-preto/p/bj3f8b5962/te/pc7p/?seller_id=saharaeletro	https://a-static.mlcdn.com.br/280x210/smartphone-xiaomi-poco-x7-pro-5g-512gb-12gb-ram-dual-sim-preto/saharaeletro/x7p/3492aeacbf2c694f21f666bec7ecaf01.jpeg	Magazine Luiza	2025-09-12 00:00:00
262	Power Bank Baseus Turbo Airpow Lite 10000mah 15w	137,97	https://www.magazineluiza.com.br/power-bank-baseus-turbo-airpow-lite-10000mah-15w/p/fc70767120/te/cdcl/?ads=patrocinado&seller_id=baseusbrasiloficial	https://a-static.mlcdn.com.br/280x210/power-bank-baseus-turbo-airpow-lite-10000mah-15w/baseusbrasiloficial/p10067500213-00/6c391f84e1976341eb6f88fc52e6bc57.jpeg	Magazine Luiza	2025-09-09 00:00:00
295	Mesa Porttil para Notebook Suporte para Cama e Sof Dobrvel Home Office (Preto)	49,90	https://www.amazon.com.br/Mesa-Port%C3%A1til-Notebook-Suporte-Dobr%C3%A1vel/dp/B0DMFLJHQG?pd_rd_w=fFlOf&content-id=amzn1.sym.828de3bf-2f14-4174-a8d7-8b6108724168&pf_rd_p=828de3bf-2f14-4174-a8d7-8b6108724168&pf_rd_r=JPA07QDFA18V8NYEDH4P&pd_rd_wg=cWrDK&pd_rd_r=94b566a3-dd23-44bc-b9d9-61d5b4ed0f7b&pd_rd_i=B0DMFLJHQG	https://m.media-amazon.com/images/I/41ObZd38y+L._SR480,440_.jpg	Amazon	2025-10-24 00:00:00
153	Notebook Samsung Galaxy Book4 Intel Core i5-1335U (1.3 Ghz, at 4.6GHz, 12 MB L3 Cache), Windows 11 Home, 8GB, 512GB SSD, Iris Xe, 15.6'' Full HD LED, 1.55kg	1.799,00	https://www.mercadolivre.com.br/notebook-samsung-galaxy-book4-intel-core-i5-1335u-13-ghz-ate-46ghz-12-mb-l3-cache-windows-11-home-8gb-512gb-ssd-iris-xe-156-full-hd-led-155kg/p/MLB37044038?pdp_filters=deal:MLB779362-1#searchVariation=MLB37044038&position=3&search_layout=stack&type=product&tracking_id=3270adc8-ae63-4cf9-9a92-b947ea4ccab0&c_container_id=MLB779362-1&c_id=%2Fsplinter%2Fcarouseldynamicitem&c_element_order=5&c_campaign=ofertas-para-comprar-agora-%F0%9F%94%A5&c_label=%2Fsplinter%2Fcarouseldynamicitem&c_uid=f113a458-9038-11f0-bedf-db67b65e76a7&c_element_id=f113a458-9038-11f0-bedf-db67b65e76a7&c_global_position=5&deal_print_id=f0a4dcf0-9038-11f0-9a46-b750037d1abe&c_tracking_id=f0a4dcf0-9038-11f0-9a46-b750037d1abe	https://http2.mlstatic.com/D_Q_NP_618141-MLU76378990682_052024-P.webp	Mercado Livre	2025-07-07 00:00:00
200	JETech Capa para iPad (A16) 11/10 Gerao (2025/2022) com Porta Pencil, Case Fina para Tablet com Parte Traseira de TPU Macio, Ativao/Repouso Automtico (Marinha)	84,15	https://www.amazon.com.br/JETech-polegadas-traseira-despertar-automaticamente/dp/B0C7ZLWVYZ?pd_rd_w=XIZ2o&content-id=amzn1.sym.828de3bf-2f14-4174-a8d7-8b6108724168&pf_rd_p=828de3bf-2f14-4174-a8d7-8b6108724168&pf_rd_r=8J48CK6BT5VZDTBHSR15&pd_rd_wg=vWNh0&pd_rd_r=e7c77ff9-dca0-4c93-8c8f-be4bb3358e7c&pd_rd_i=B0C7ZLWVYZ	https://m.media-amazon.com/images/I/41EseSGeLTL._SR480,440_.jpg	Amazon	2025-07-29 00:00:00
286	Kit Roteador Mesh AC1900 TP-Link Deco S7(3-pack), Dual Band 2.4/5 GHz, Conecte at 100+ Dispositivos, Cobertura de at 520M2, 3 Portas Gigabit Ethernet, Funciona com Amazon Alexa, Controle dos Pais	719,91	https://www.amazon.com.br/Roteador-Dual-Band-Deco-S7-3-pack/dp/B0BBV29JXX?pd_rd_w=0mxza&content-id=amzn1.sym.828de3bf-2f14-4174-a8d7-8b6108724168&pf_rd_p=828de3bf-2f14-4174-a8d7-8b6108724168&pf_rd_r=CQE2CHDRAHNJAW9FXCB6&pd_rd_wg=1RYJE&pd_rd_r=a2b5b995-a28d-4053-a720-fe3e406be5db&pd_rd_i=B0BBV29JXX	https://m.media-amazon.com/images/I/31XSDfBmcUL._SR480,440_.jpg	Amazon	2025-09-12 00:00:00
198	GameSir G7 Controle com fio para Xbox,Windows gamepad para PC com 2 placas frontais trocveis, controlador de jogos com fio com zona de gatilhos ajustveis e nvel de vibrao funciona	269,10	https://www.amazon.com.br/GameSir-G7-troc%C3%A1veis-controlador-ajust%C3%A1veis/dp/B0BLNLGXWZ?pd_rd_w=cI5jQ&content-id=amzn1.sym.828de3bf-2f14-4174-a8d7-8b6108724168&pf_rd_p=828de3bf-2f14-4174-a8d7-8b6108724168&pf_rd_r=FGF6RBGKK83HVT0H9K78&pd_rd_wg=9CVF2&pd_rd_r=7a64e4f6-9df0-4134-b586-45f79a4fe144&pd_rd_i=B0BLNLGXWZ	https://m.media-amazon.com/images/I/41sZ6NJqboL._SR480,440_.jpg	Amazon	2025-07-29 00:00:00
207	GameSir Nova Wireless Switch Pro Controller para Switch/Lite/OLED, controladores de Switch com JoySticks de efeito Hall, LED RGB, recarregvel de 1200mAh, turbo, programvel, controle de movimento	249,00	https://www.amazon.com.br/GameSir-Controller-controladores-recarreg%C3%A1vel-program%C3%A1vel/dp/B0CMCPRT3L?pd_rd_w=3MTOX&content-id=amzn1.sym.828de3bf-2f14-4174-a8d7-8b6108724168&pf_rd_p=828de3bf-2f14-4174-a8d7-8b6108724168&pf_rd_r=NJB7KCH28XJD5QRWJV97&pd_rd_wg=DJqsD&pd_rd_r=f82778b2-f54d-4ee6-853e-e98a71a2c4ac&pd_rd_i=B0CMCPRT3L	https://m.media-amazon.com/images/I/41Ho-qnWOwL._SR480,440_.jpg	Amazon	2025-07-31 00:00:00
202	Notebook HP 256R G9 Intel Core i5 13 Gerao. Memoria RAM 8GB. SSD 256GB. Tela de 15,6" LCD. Windows 11 - Home SL - Cinza Escuro. Bivolt. (BQ9L1AT#AK4)	2.938,07	https://www.amazon.com.br/Notebook-HP-Gera%C3%A7%C3%A3o-Memoria-Windows/dp/B0F6CLQHQR?pd_rd_w=yyxFJ&content-id=amzn1.sym.828de3bf-2f14-4174-a8d7-8b6108724168&pf_rd_p=828de3bf-2f14-4174-a8d7-8b6108724168&pf_rd_r=3YBKG5VF3PCCR9VSWY5R&pd_rd_wg=edkmg&pd_rd_r=ac8e910d-e4ec-40ad-8042-dc93589f934d&pd_rd_i=B0F6CLQHQR	https://m.media-amazon.com/images/I/41x8yFOtr1L._SR480,440_.jpg	Amazon	2025-07-29 00:00:00
208	Monitor Gamer AOC DESTINY 25" 240Hz 0,5ms FreeSync Premium 25G3ZM	1.139,90	https://www.amazon.com.br/Monitor-AOC-DESTINY-FreeSync-25G3ZM/dp/B0CJ9NVNW6?pd_rd_w=JbKJJ&content-id=amzn1.sym.828de3bf-2f14-4174-a8d7-8b6108724168&pf_rd_p=828de3bf-2f14-4174-a8d7-8b6108724168&pf_rd_r=SJV5B4CJVXPW3P3Y7VRY&pd_rd_wg=epTKM&pd_rd_r=91776368-51c5-4305-8960-340726dfce1b&pd_rd_i=B0CJ9NVNW6	https://m.media-amazon.com/images/I/41jSySqb4HL._SR480,440_.jpg	Amazon	2025-07-31 00:00:00
201	ARZOPA Monitor porttil de 17,3, monitor para jogos IPS 1080P FHD 103% sRGB Monitor para laptop com suporte embutido Tela externa HDMI USB C para PC Mac Telefone Xbox Switch PS5	863,59	https://www.amazon.com.br/ARZOPA-Monitor-port%C3%A1til-embutido-Telefone/dp/B0CH9Y9SV3?pd_rd_w=DltZP&content-id=amzn1.sym.828de3bf-2f14-4174-a8d7-8b6108724168&pf_rd_p=828de3bf-2f14-4174-a8d7-8b6108724168&pf_rd_r=282RXNCTH5AFRTCYMBHD&pd_rd_wg=zIHwx&pd_rd_r=b5aec9c0-6fdb-4120-ae0b-a226dda944ce&pd_rd_i=B0CH9Y9SV3	https://m.media-amazon.com/images/I/41lpldc+1eL._SR480,440_.jpg	Amazon	2025-07-29 00:00:00
209	Monitor Porttil ARZOPA 15,6'' FHD 1080P - Monitor Ultra Fino para Laptop com Suporte - Display IPS para PC, MAC, Celular, Xbox, PS5 - Conectividade USB C e HDMI -A1	713,99	https://www.amazon.com.br/Monitor-Port%C3%A1til-ARZOPA-1080P-Conectividade/dp/B0CH9XW8RK?pd_rd_w=DltZP&content-id=amzn1.sym.828de3bf-2f14-4174-a8d7-8b6108724168&pf_rd_p=828de3bf-2f14-4174-a8d7-8b6108724168&pf_rd_r=282RXNCTH5AFRTCYMBHD&pd_rd_wg=zIHwx&pd_rd_r=b5aec9c0-6fdb-4120-ae0b-a226dda944ce&pd_rd_i=B0CH9XW8RK	https://m.media-amazon.com/images/I/51qgAD7WZSL._SR480,440_.jpg	Amazon	2025-07-31 00:00:00
204	FIFINE Gaming PC Microfone USB, Microfone Condensador para Podcast com Brao,Filtro Pop,Boto Mudo para Streaming,Twitch,Chat Online,Mic RGB para Computador para PS4/5 y Jogadores e Youtuber-A6T	268,59	https://www.amazon.com.br/FIFINE-condensador-computador-Youtuber-AmpliGame-A6T/dp/B09Q2ZZGH2?pd_rd_w=JQDtC&content-id=amzn1.sym.828de3bf-2f14-4174-a8d7-8b6108724168&pf_rd_p=828de3bf-2f14-4174-a8d7-8b6108724168&pf_rd_r=8TZ3FFK9Z8B8Y5C9K995&pd_rd_wg=Qh1Fi&pd_rd_r=f1597133-4e0a-4715-998b-cd15100df3ab&pd_rd_i=B09Q2ZZGH2	https://m.media-amazon.com/images/I/41B+stBkkiL._SR480,440_.jpg	Amazon	2025-07-31 00:00:00
210	Notebook Lenovo Ideapad 1i Intel Core i5-1235U 8GB 512GB SSD 15.6" W11	2.959,00	https://www.amazon.com.br/Notebook-Lenovo-Ideapad-i5-1235U-512GB/dp/B0CK3R8JYG?pd_rd_w=DltZP&content-id=amzn1.sym.828de3bf-2f14-4174-a8d7-8b6108724168&pf_rd_p=828de3bf-2f14-4174-a8d7-8b6108724168&pf_rd_r=282RXNCTH5AFRTCYMBHD&pd_rd_wg=zIHwx&pd_rd_r=b5aec9c0-6fdb-4120-ae0b-a226dda944ce&pd_rd_i=B0CK3R8JYG	https://m.media-amazon.com/images/I/41QfFX-mc3L._SR480,440_.jpg	Amazon	2025-07-31 00:00:00
211	Combo de Teclado e Mouse USB HP 150 - Plug and Play, com Digitao Silenciosa, Confortvel e Precisa, Mouse com DPI de 1600, Layout ABNT2, Preto (240J7AA)	78,99	https://www.amazon.com.br/Teclado-HP-Digita%C3%A7%C3%A3o-Silenciosa-ABNT2-240J7AA/dp/B0D6SRSGX8?pd_rd_w=93ZDS&content-id=amzn1.sym.828de3bf-2f14-4174-a8d7-8b6108724168&pf_rd_p=828de3bf-2f14-4174-a8d7-8b6108724168&pf_rd_r=703DTBMHQA6WE8EPCH2E&pd_rd_wg=GSxDT&pd_rd_r=420ccd12-8ba8-4734-9ea4-af91daad63dd&pd_rd_i=B0D6SRSGX8	https://m.media-amazon.com/images/I/31BqMH2+vZL._SR480,440_.jpg	Amazon	2025-07-31 00:00:00
212	Fonte Mancer Thunder 500W | Certificao 80 Plus Bronze | PFC Ativo | Bivolt Automtico 100-240V AC | Formato ATX | Preto	249,90	https://www.amazon.com.br/Mancer-Thunder-Certifica%C3%A7%C3%A3o-Autom%C3%A1tico-100-240V/dp/B08PKV8PGC?pd_rd_w=93ZDS&content-id=amzn1.sym.828de3bf-2f14-4174-a8d7-8b6108724168&pf_rd_p=828de3bf-2f14-4174-a8d7-8b6108724168&pf_rd_r=703DTBMHQA6WE8EPCH2E&pd_rd_wg=GSxDT&pd_rd_r=420ccd12-8ba8-4734-9ea4-af91daad63dd&pd_rd_i=B08PKV8PGC	https://m.media-amazon.com/images/I/41Y7juXbb1L._SR480,440_.jpg	Amazon	2025-07-31 00:00:00
206	Kit Upgrade Gamer AMD Ryzen 5 5600GT | Radeon Vega 7 Graphics | Placa-Me B450M | 16GB RAM DDR4	1.699,90	https://www.amazon.com.br/Upgrade-5600GT-Radeon-Graphics-Placa-M%C3%A3e/dp/B09LRD4Y57?pd_rd_w=3MTOX&content-id=amzn1.sym.828de3bf-2f14-4174-a8d7-8b6108724168&pf_rd_p=828de3bf-2f14-4174-a8d7-8b6108724168&pf_rd_r=NJB7KCH28XJD5QRWJV97&pd_rd_wg=DJqsD&pd_rd_r=f82778b2-f54d-4ee6-853e-e98a71a2c4ac&pd_rd_i=B09LRD4Y57	https://m.media-amazon.com/images/I/51gSeVTC9HL._SR480,440_.jpg	Amazon	2025-07-31 00:00:00
199	Havit Fone de Ouvido Headset Gamer Fuxi-H3 White Black, Com Fio e Sem Fio, Wireless 2,4GHz, Bluetooth, Cabo USB-C, Cabo 3,5mm. Surround, Baixa Latncia, Quad-Mode	199,00	https://www.amazon.com.br/Wireless-Bluetooth-Surround-Lat%C3%AAncia-Quad-Mode/dp/B0CK2DP7FX?pd_rd_w=93ZDS&content-id=amzn1.sym.828de3bf-2f14-4174-a8d7-8b6108724168&pf_rd_p=828de3bf-2f14-4174-a8d7-8b6108724168&pf_rd_r=703DTBMHQA6WE8EPCH2E&pd_rd_wg=GSxDT&pd_rd_r=420ccd12-8ba8-4734-9ea4-af91daad63dd&pd_rd_i=B0CK2DP7FX	https://m.media-amazon.com/images/I/31vY5pX+YLL._SR480,440_.jpg	Amazon	2025-07-29 00:00:00
205	Cabo Usb-C-Lightning + Fonte Carregador 25W Turbo Compatvel iPhone X Xr SE 11 12 13 14 Premium LAGUS IMP.	58,59	https://www.amazon.com.br/Usb-C-Lightning-Carregador-Compat%C3%ADvel-LAGUS-IMP/dp/B0CMMPSF2F?pd_rd_w=93ZDS&content-id=amzn1.sym.828de3bf-2f14-4174-a8d7-8b6108724168&pf_rd_p=828de3bf-2f14-4174-a8d7-8b6108724168&pf_rd_r=703DTBMHQA6WE8EPCH2E&pd_rd_wg=GSxDT&pd_rd_r=420ccd12-8ba8-4734-9ea4-af91daad63dd&pd_rd_i=B0CMMPSF2F	https://m.media-amazon.com/images/I/31vYUaVgheL._SR480,440_.jpg	Amazon	2025-07-31 00:00:00
213	Notebook ASUS Vivobook 15 AMD Ryzen 7, 8 GB, 512 GB SSD, KeepOS, 15.6'' FHD, Cool Silver - M1502YA-NJ611	2.609,10	https://www.amazon.com.br/Notebook-ASUS-Vivobook-KeepOS-Silver/dp/B0F84PXR9V?pd_rd_w=HIHfk&content-id=amzn1.sym.828de3bf-2f14-4174-a8d7-8b6108724168&pf_rd_p=828de3bf-2f14-4174-a8d7-8b6108724168&pf_rd_r=BT7KS0XJVKYRXQBS89ES&pd_rd_wg=4yNM2&pd_rd_r=d2dbdfca-5304-48b3-b40f-e7ab5fdb44a3&pd_rd_i=B0F84PXR9V	https://m.media-amazon.com/images/I/41X94kods3L._SR480,440_.jpg	Amazon	2025-08-04 00:00:00
203	PC Gamer Completo Mancer, AMD Ryzen 5 3400G, 16GB DDR4, SSD 480GB, Fonte 400W 80 Plus	2.399,90	https://www.amazon.com.br/Gamer-Completo-Mancer-RYZEN-2400G/dp/B0B5YNZFF6?pd_rd_w=HIHfk&content-id=amzn1.sym.828de3bf-2f14-4174-a8d7-8b6108724168&pf_rd_p=828de3bf-2f14-4174-a8d7-8b6108724168&pf_rd_r=BT7KS0XJVKYRXQBS89ES&pd_rd_wg=4yNM2&pd_rd_r=d2dbdfca-5304-48b3-b40f-e7ab5fdb44a3&pd_rd_i=B0B5YNZFF6	https://m.media-amazon.com/images/I/51hahzRbMGL._SR480,440_.jpg	Amazon	2025-07-31 00:00:00
214	Notebook HP G9 Intel Core i3 13 Gerao - 8GB RAM SSD 256GB 15,6" Windows 11 AN1A2LA#AK4 - Home 64 SL-SSD 256-15.6 HD-1/1/0 Warranty	2.599,00	https://www.amazon.com.br/Notebook-HP-Intel-Core-Gera%C3%A7%C3%A3o/dp/B0DP3DM5YK?pd_rd_w=HIHfk&content-id=amzn1.sym.828de3bf-2f14-4174-a8d7-8b6108724168&pf_rd_p=828de3bf-2f14-4174-a8d7-8b6108724168&pf_rd_r=BT7KS0XJVKYRXQBS89ES&pd_rd_wg=4yNM2&pd_rd_r=d2dbdfca-5304-48b3-b40f-e7ab5fdb44a3&pd_rd_i=B0DP3DM5YK	https://m.media-amazon.com/images/I/419EMcoZBsL._SR480,440_.jpg	Amazon	2025-08-04 00:00:00
222	Apple 2024 MacBook Air (de 13 polegadas, Chip M3 da Apple com CPU de oito ncleos e GPU de dez ncleos, 8GB Memria unificada, de 512 GB) - Estelar	8.899,00	https://www.amazon.com.br/Apple-MacBook-polegadas-n%C3%BAcleos-unificada/dp/B0CX5FCPRP?pd_rd_w=1Mtug&content-id=amzn1.sym.828de3bf-2f14-4174-a8d7-8b6108724168&pf_rd_p=828de3bf-2f14-4174-a8d7-8b6108724168&pf_rd_r=NZPYQHGBX2PM46T9P9CV&pd_rd_wg=ObRIQ&pd_rd_r=d8059086-f745-419c-ad83-116d674354f8&pd_rd_i=B0CX5FCPRP	https://m.media-amazon.com/images/I/41ZLc1h9cdL._SR480,440_.jpg	Amazon	2025-08-08 00:00:00
218	Caneta Pencil WB Para iPad com Palm Rejection e Ponta de Alta Preciso de 1.0mm - Branca (no compatvel com iPads lanados antes de 2018)	179,00	https://www.amazon.com.br/Caneta-Pencil-WB-Rejection-Precis%C3%A3o/dp/B086BJ19WP?pd_rd_w=jhH5I&content-id=amzn1.sym.828de3bf-2f14-4174-a8d7-8b6108724168&pf_rd_p=828de3bf-2f14-4174-a8d7-8b6108724168&pf_rd_r=Z6C7THJAKZ5D9EBKSPJT&pd_rd_wg=oCeDd&pd_rd_r=39b5681a-6cc8-49c5-89f8-2317c8c4cb5f&pd_rd_i=B086BJ19WP	https://m.media-amazon.com/images/I/21Thv2YnbbL._SR480,440_.jpg	Amazon	2025-08-05 00:00:00
217	Apple 2024 MacBook Air (de 15 polegadas, Processador M3 da Apple com CPU 8core e GPU 10core, 16GB Memria unificada, 256 GB) - Luz das estrelas	8.749,00	https://www.amazon.com.br/Apple-MacBook-polegadas-Processador-unificada/dp/B0DLJ83RGF?pd_rd_w=wEu0G&content-id=amzn1.sym.828de3bf-2f14-4174-a8d7-8b6108724168&pf_rd_p=828de3bf-2f14-4174-a8d7-8b6108724168&pf_rd_r=33GJM9H2E07RKVXKJJBT&pd_rd_wg=nzgtc&pd_rd_r=bc80b9ee-49bc-41cd-ad55-40c954102696&pd_rd_i=B0DLJ83RGF	https://m.media-amazon.com/images/I/410iQVdB1vL._SR480,440_.jpg	Amazon	2025-08-05 00:00:00
226	Notebook Gamer Lenovo LOQ Intel Core i5-12450H 16GB 512GB SSD RTX 2050 15.6" FHD W11 83EU0001BR	4.699,00	https://www.amazon.com.br/Notebook-Gamer-Lenovo-i5-12450H-83EU0001BR/dp/B0CR1MNHQ4?pd_rd_w=jhH5I&content-id=amzn1.sym.828de3bf-2f14-4174-a8d7-8b6108724168&pf_rd_p=828de3bf-2f14-4174-a8d7-8b6108724168&pf_rd_r=Z6C7THJAKZ5D9EBKSPJT&pd_rd_wg=oCeDd&pd_rd_r=39b5681a-6cc8-49c5-89f8-2317c8c4cb5f&pd_rd_i=B0CR1MNHQ4	https://m.media-amazon.com/images/I/41n3P4ykWCL._SR480,440_.jpg	Amazon	2025-08-08 00:00:00
223	MARVUE Pad M13 Tablet, Android 14, tablet 10,1 polegadas, Com Caixa, 16GB de RAM, tablet 128GB, Expansvel at 1TB, Processador Octa-Core, GMS, Wi-Fi,Cmera Frontal de 5MP, Traseira de 12MP(azul)	764,00	https://www.amazon.com.br/polegadas-Expans%C3%ADvel-Processador-Octa-Core-Traseira/dp/B0F7L8ZPYW?pd_rd_w=Z4JHf&content-id=amzn1.sym.828de3bf-2f14-4174-a8d7-8b6108724168&pf_rd_p=828de3bf-2f14-4174-a8d7-8b6108724168&pf_rd_r=17AN8674F1FXD5H1JZZ5&pd_rd_wg=NJi13&pd_rd_r=7746345e-f77e-45b3-a19a-29931e02f392&pd_rd_i=B0F7L8ZPYW	https://m.media-amazon.com/images/I/41n3GJOetuL._SR480,440_.jpg	Amazon	2025-08-08 00:00:00
224	GameSir Nova Lite Controlador sem fio 2.4g para PC com Windows, iPhone, Android, Switch e Steam Deck, Controle Bluetooth Gamepad com gatilho de efeito Hall, Turbo, vibrao Rumble(roxo escuro)	183,20	https://www.amazon.com.br/Controlador-GameSir-Controle-Bluetooth-vibra%C3%A7%C3%A3o/dp/B0CMCPY4VG?pd_rd_w=Z4JHf&content-id=amzn1.sym.828de3bf-2f14-4174-a8d7-8b6108724168&pf_rd_p=828de3bf-2f14-4174-a8d7-8b6108724168&pf_rd_r=17AN8674F1FXD5H1JZZ5&pd_rd_wg=NJi13&pd_rd_r=7746345e-f77e-45b3-a19a-29931e02f392&pd_rd_i=B0CMCPY4VG	https://m.media-amazon.com/images/I/31waKpSveOL._SR480,440_.jpg	Amazon	2025-08-08 00:00:00
225	Notebook ASUS Vivobook 15 Core I5, 16 GB, 512 GB SSD, W 11 Home, 15.6'' LED, Quiet Blue - X1504ZA-NJ1794W	3.399,00	https://www.amazon.com.br/Notebook-ASUS-Vivobook-Core-Quiet/dp/B0DLJFCKC4?pd_rd_w=ORPmN&content-id=amzn1.sym.828de3bf-2f14-4174-a8d7-8b6108724168&pf_rd_p=828de3bf-2f14-4174-a8d7-8b6108724168&pf_rd_r=4HX1FN2CKB2P25VS6BW5&pd_rd_wg=rzC0B&pd_rd_r=59bc4414-55d0-4215-a84a-991a0df1661a&pd_rd_i=B0DLJFCKC4	https://m.media-amazon.com/images/I/41ej0hkKLLL._SR480,440_.jpg	Amazon	2025-08-08 00:00:00
216	Notebook VAIO FE16 AMD Ryzen 7-5825U Linux 16GB RAM 512GB SSD 16" IPS WUXGA Antirreflexo - Cinza Grafite	3.499,00	https://www.amazon.com.br/Notebook-VAIO-Ryzen-7-5825U-Antirreflexo/dp/B0F6FV1KYW?pd_rd_w=JbKJJ&content-id=amzn1.sym.828de3bf-2f14-4174-a8d7-8b6108724168&pf_rd_p=828de3bf-2f14-4174-a8d7-8b6108724168&pf_rd_r=SJV5B4CJVXPW3P3Y7VRY&pd_rd_wg=epTKM&pd_rd_r=91776368-51c5-4305-8960-340726dfce1b&pd_rd_i=B0F6FV1KYW	https://m.media-amazon.com/images/I/41YrS0IzhKL._SR480,440_.jpg	Amazon	2025-08-05 00:00:00
220	Suporte Articulado de Mesa, Pisto a Gs, Design Compacto e Retrtil, Ergonmico, Monitores 17'' a 35'', 2kg a 9kg, Preto, F80N, ELG	169,00	https://www.amazon.com.br/Ergon%C3%B4mico-Articulado-Compacto-Retr%C3%A1til-Monitores/dp/B0765KZ264?pd_rd_w=JbKJJ&content-id=amzn1.sym.828de3bf-2f14-4174-a8d7-8b6108724168&pf_rd_p=828de3bf-2f14-4174-a8d7-8b6108724168&pf_rd_r=SJV5B4CJVXPW3P3Y7VRY&pd_rd_wg=epTKM&pd_rd_r=91776368-51c5-4305-8960-340726dfce1b&pd_rd_i=B0765KZ264	https://m.media-amazon.com/images/I/31pnRrnyDPL._SR480,440_.jpg	Amazon	2025-08-05 00:00:00
221	Havit Fone de Ouvido Headset Gamer Fuxi-H3 Black Com Fio e Sem Fio, Wireless 2,4GHz, Bluetooth, Cabo USB-C	177,71	https://www.amazon.com.br/Ouvido-Headset-Fuxi-H3-Wireless-Bluetooth/dp/B0CHJXCJTW?pd_rd_w=JbKJJ&content-id=amzn1.sym.828de3bf-2f14-4174-a8d7-8b6108724168&pf_rd_p=828de3bf-2f14-4174-a8d7-8b6108724168&pf_rd_r=SJV5B4CJVXPW3P3Y7VRY&pd_rd_wg=epTKM&pd_rd_r=91776368-51c5-4305-8960-340726dfce1b&pd_rd_i=B0CHJXCJTW	https://m.media-amazon.com/images/I/31HSHdfDfxL._SR480,440_.jpg	Amazon	2025-08-05 00:00:00
281	Smartphone Motorola Edge 50 Fusion 5G Pink 256GB, 8GB RAM + 8GB Ram Boost, 50MP Sony AI Camera IP68 NFC	1.619,00	https://www.casasbahia.com.br/smartphone-motorola-edge-50-fusion-5g-pink-256gb-8gb-ram-8gb-ram-boost-50mp-sony-ai-camera-ip68-nfc/p/55066423?vtr_id=produtos_patrocinados&vtr_name=produtos+patrocinados	https://imgs.casasbahia.com.br/55066423/1g.jpg?imwidth=180	Casas Bahia	2025-09-12 00:00:00
287	Apple 2024 MacBook Pro (de 14 polegadas, Processador M4 da Apple com CPU 10core e GPU 10core, 16GB Memria unificada, 512 GB) - Prateado	15.999,20	https://www.amazon.com.br/Apple-MacBook-polegadas-Processador-unificada/dp/B0DLJ923SW?pd_rd_w=0mxza&content-id=amzn1.sym.828de3bf-2f14-4174-a8d7-8b6108724168&pf_rd_p=828de3bf-2f14-4174-a8d7-8b6108724168&pf_rd_r=CQE2CHDRAHNJAW9FXCB6&pd_rd_wg=1RYJE&pd_rd_r=a2b5b995-a28d-4053-a720-fe3e406be5db&pd_rd_i=B0DLJ923SW	https://m.media-amazon.com/images/I/21+vR2MmeUL._SR480,440_.jpg	Amazon	2025-09-12 00:00:00
227	GameSir Nova Lite Controlador sem fio 2.4g para PC com Windows, iPhone, Android, Switch e Steam Deck, Controle Bluetooth Gamepad com gatilho de efeito Hall,vibrao Rumble (Nova Lite(cor rosa))	170,10	https://www.amazon.com.br/GameSir-Nova-Controller-Wireless-Lite/dp/B0D9B6PBY9?pd_rd_w=jhH5I&content-id=amzn1.sym.828de3bf-2f14-4174-a8d7-8b6108724168&pf_rd_p=828de3bf-2f14-4174-a8d7-8b6108724168&pf_rd_r=Z6C7THJAKZ5D9EBKSPJT&pd_rd_wg=oCeDd&pd_rd_r=39b5681a-6cc8-49c5-89f8-2317c8c4cb5f&pd_rd_i=B0D9B6PBY9	https://m.media-amazon.com/images/I/31g83svGMVL._SR480,440_.jpg	Amazon	2025-08-08 00:00:00
219	Apple 2025 iPad (Wi-Fi, 128 GB) - Rosa (A16)	3.989,00	https://www.amazon.com.br/Apple-2025-iPad-Wi-Fi-128/dp/B0DZJR4G1T?pd_rd_w=rF6Xm&content-id=amzn1.sym.828de3bf-2f14-4174-a8d7-8b6108724168&pf_rd_p=828de3bf-2f14-4174-a8d7-8b6108724168&pf_rd_r=9ZHYJ4B1WJGGJD9HJC2J&pd_rd_wg=7Fdeo&pd_rd_r=3240fdcf-bfaf-4d63-b8ed-1fb19747f530&pd_rd_i=B0DZJR4G1T	https://m.media-amazon.com/images/I/31yqFtH9+TL._SR480,440_.jpg	Amazon	2025-08-05 00:00:00
228	GameSir Nova Lite Controlador sem fio2.4g para PC com Windows, iPhone, Android, Switch e Steam Deck, Controle Bluetooth Gamepad com gatilho de efeito Hall, Turbo, vibrao Rumble(Nova Lite(Branco))	183,20	https://www.amazon.com.br/Controlador-GameSir-Controle-Bluetooth-vibra%C3%A7%C3%A3o/dp/B0CMCQ6WMC?pd_rd_w=rF6Xm&content-id=amzn1.sym.828de3bf-2f14-4174-a8d7-8b6108724168&pf_rd_p=828de3bf-2f14-4174-a8d7-8b6108724168&pf_rd_r=9ZHYJ4B1WJGGJD9HJC2J&pd_rd_wg=7Fdeo&pd_rd_r=3240fdcf-bfaf-4d63-b8ed-1fb19747f530&pd_rd_i=B0CMCQ6WMC	https://m.media-amazon.com/images/I/31IVXAXTiNL._SR480,440_.jpg	Amazon	2025-08-11 00:00:00
229	EMEET Webcam 4K, webcam S600 com trip, 2 microfones de reduo de rudo, FOV ajustvel de 40 a 73, foco automtico PDAF, capa de privacidade integrada, cmera de streaming para jogos, chamadas de	369,99	https://www.amazon.com.br/EMEET-microfones-ajust%C3%A1vel-autom%C3%A1tico-privacidade/dp/B0D6BMY9PC?pd_rd_w=rF6Xm&content-id=amzn1.sym.828de3bf-2f14-4174-a8d7-8b6108724168&pf_rd_p=828de3bf-2f14-4174-a8d7-8b6108724168&pf_rd_r=9ZHYJ4B1WJGGJD9HJC2J&pd_rd_wg=7Fdeo&pd_rd_r=3240fdcf-bfaf-4d63-b8ed-1fb19747f530&pd_rd_i=B0D6BMY9PC	https://m.media-amazon.com/images/I/41rPogyqXNL._SR480,440_.jpg	Amazon	2025-08-11 00:00:00
235	BETTDOW Capa com Teclado e Trackpad para iPad Pro de 11 polegadas (4/3/2/1) gerao 2022 e Air 6 e 11 polegadas (M2, 2024) e iPad Air 5/4 gerao de 10,9 polegadas,Teclado com LCD DisplayPreto	402,94	https://www.amazon.com.br/BETTDOW-Teclado-Trackpad-polegadas-gera%C3%A7%C3%A3o/dp/B0DBQ8XTS2?pd_rd_w=ORPmN&content-id=amzn1.sym.828de3bf-2f14-4174-a8d7-8b6108724168&pf_rd_p=828de3bf-2f14-4174-a8d7-8b6108724168&pf_rd_r=4HX1FN2CKB2P25VS6BW5&pd_rd_wg=rzC0B&pd_rd_r=59bc4414-55d0-4215-a84a-991a0df1661a&pd_rd_i=B0DBQ8XTS2	https://m.media-amazon.com/images/I/41wu45Lu8sL._SR480,440_.jpg	Amazon	2025-08-11 00:00:00
236	Caneta stylus capacitiva para telas touch (tablets, smartphones e notebooks) compatvel com Apple, Samsung, Xiaomi, Motorola, etc (Preto)	47,90	https://www.amazon.com.br/capacitiva-smartphones-notebooks-compat%C3%ADvel-Motorola/dp/B09GL7MMFR?pd_rd_w=ORPmN&content-id=amzn1.sym.828de3bf-2f14-4174-a8d7-8b6108724168&pf_rd_p=828de3bf-2f14-4174-a8d7-8b6108724168&pf_rd_r=4HX1FN2CKB2P25VS6BW5&pd_rd_wg=rzC0B&pd_rd_r=59bc4414-55d0-4215-a84a-991a0df1661a&pd_rd_i=B09GL7MMFR	https://m.media-amazon.com/images/I/21OEZ0j+k-L._SR480,440_.jpg	Amazon	2025-08-11 00:00:00
231	GameSir Nova Lite Controlador sem fio 2.4g para PC com Windows, iPhone, Android, Switch e Steam Deck, Controle Bluetooth Gamepad com gatilho de efeito Hall, Turbo, vibrao Rumble (azul)	174,85	https://www.amazon.com.br/GameSir-Wireless-Controller-Bluetooth-Vibration/dp/B0D9B75ZSK?pd_rd_w=wEu0G&content-id=amzn1.sym.828de3bf-2f14-4174-a8d7-8b6108724168&pf_rd_p=828de3bf-2f14-4174-a8d7-8b6108724168&pf_rd_r=33GJM9H2E07RKVXKJJBT&pd_rd_wg=nzgtc&pd_rd_r=bc80b9ee-49bc-41cd-ad55-40c954102696&pd_rd_i=B0D9B75ZSK	https://m.media-amazon.com/images/I/31NgIq21AkL._SR480,440_.jpg	Amazon	2025-08-11 00:00:00
232	FIFINE USB Microfone jogos para PC,streaming,podcasts,gravao,microfono condensador de mesa para computador,compatvel com Mac/PS4/PS5,com controle RGB,toque mudo,conector para fone ouvido- A8 Preto	235,90	https://www.amazon.com.br/FIFINEUSB-condensador-computador-compat%C3%ADvel-A8/dp/B09YLM3FNC?pd_rd_w=wEu0G&content-id=amzn1.sym.828de3bf-2f14-4174-a8d7-8b6108724168&pf_rd_p=828de3bf-2f14-4174-a8d7-8b6108724168&pf_rd_r=33GJM9H2E07RKVXKJJBT&pd_rd_wg=nzgtc&pd_rd_r=bc80b9ee-49bc-41cd-ad55-40c954102696&pd_rd_i=B09YLM3FNC	https://m.media-amazon.com/images/I/31xs8jHlcRL._SR480,440_.jpg	Amazon	2025-08-11 00:00:00
233	Notebook ASUS Vivobook 15, AMD RYZEN 7, 16 GB SSD, 512 GB, KeepOS, 15.6'' LED, Cool Silver - M1502YA-NJ495	2.999,00	https://www.amazon.com.br/Notebook-ASUS-Vivobook-KeepOS-Silver/dp/B0DPLNQZR9?pd_rd_w=YDriv&content-id=amzn1.sym.828de3bf-2f14-4174-a8d7-8b6108724168&pf_rd_p=828de3bf-2f14-4174-a8d7-8b6108724168&pf_rd_r=PRC5FRH1HDERKKKYTNY5&pd_rd_wg=o9aHL&pd_rd_r=d1212baa-73ce-401c-a8ce-c7ae1e65b023&pd_rd_i=B0DPLNQZR9	https://m.media-amazon.com/images/I/41CbOE8vAtL._SR480,440_.jpg	Amazon	2025-08-11 00:00:00
234	Notebook ASUS Vivobook 15, Intel Core i5 1235U, 8 GB, 256 GB SSD, W11 Home, Tela 15,6" FHD, Cool Silver - X1504ZA-NJ985W	2.699,00	https://www.amazon.com.br/Notebook-ASUS-Vivobook-Intel-Silver/dp/B0CYVSD1VL?pd_rd_w=YDriv&content-id=amzn1.sym.828de3bf-2f14-4174-a8d7-8b6108724168&pf_rd_p=828de3bf-2f14-4174-a8d7-8b6108724168&pf_rd_r=PRC5FRH1HDERKKKYTNY5&pd_rd_wg=o9aHL&pd_rd_r=d1212baa-73ce-401c-a8ce-c7ae1e65b023&pd_rd_i=B0CYVSD1VL	https://m.media-amazon.com/images/I/41VThfvg7sL._SR480,440_.jpg	Amazon	2025-08-11 00:00:00
230	Notebook VAIO FE16 AMD Ryzen 7-5825U Linux 32GB RAM 512GB SSD 16" IPS WUXGA Antirreflexo - Cinza Grafite	3.899,00	https://www.amazon.com.br/Notebook-VAIO-Ryzen-7-5825U-Antirreflexo/dp/B0F67QNJWG?pd_rd_w=wEu0G&content-id=amzn1.sym.828de3bf-2f14-4174-a8d7-8b6108724168&pf_rd_p=828de3bf-2f14-4174-a8d7-8b6108724168&pf_rd_r=33GJM9H2E07RKVXKJJBT&pd_rd_wg=nzgtc&pd_rd_r=bc80b9ee-49bc-41cd-ad55-40c954102696&pd_rd_i=B0F67QNJWG	https://m.media-amazon.com/images/I/41YrS0IzhKL._SR480,440_.jpg	Amazon	2025-08-11 00:00:00
215	EMEET Webcam C960 4K para PC, sensor Sony UHD 4K, foco automtico PDAF, microfones com cancelamento de rudo de IA dupla, correo automtica de luz, FOV de 73, webcam Plug & Play com capa de	260,99	https://www.amazon.com.br/EMEET-autom%C3%A1tico-microfones-cancelamento-privacidade/dp/B0CJHZ92P6?pd_rd_w=ORPmN&content-id=amzn1.sym.828de3bf-2f14-4174-a8d7-8b6108724168&pf_rd_p=828de3bf-2f14-4174-a8d7-8b6108724168&pf_rd_r=4HX1FN2CKB2P25VS6BW5&pd_rd_wg=rzC0B&pd_rd_r=59bc4414-55d0-4215-a84a-991a0df1661a&pd_rd_i=B0CJHZ92P6	https://m.media-amazon.com/images/I/41OnE1PPPbL._SR480,440_.jpg	Amazon	2025-08-04 00:00:00
277	EMEET Webcam 4K para PC, webcam S600 com sensor Sony, 2 microfones de reduo de rudo, FOV de 65 a 88, foco automtico TOF, capa de privacidade rotativa integrada, 1080p a 60FPS, ideal para	350,99	https://www.amazon.com.br/EMEET-microfones-ajust%C3%A1vel-autom%C3%A1tico-privacidade/dp/B0C2HFKXTZ?pd_rd_w=1Mtug&content-id=amzn1.sym.828de3bf-2f14-4174-a8d7-8b6108724168&pf_rd_p=828de3bf-2f14-4174-a8d7-8b6108724168&pf_rd_r=NZPYQHGBX2PM46T9P9CV&pd_rd_wg=ObRIQ&pd_rd_r=d8059086-f745-419c-ad83-116d674354f8&pd_rd_i=B0C2HFKXTZ	https://m.media-amazon.com/images/I/312oYB4RafL._SR480,440_.jpg	Amazon	2025-09-12 00:00:00
237	Cadeira Escritrio Ergonmica Genebra B500 Luvinco Cor Preto Com Suporte Lombar Estofado Mesh	59990,90	https://www.mercadolivre.com.br/cadeira-escritorio-ergonmica-genebra-b500-luvinco-cor-preto-com-suporte-lombar-estofado-mesh/p/MLB46220740?pdp_filters=deal:MLB779362-1#wid=MLB5329836232&sid=search&searchVariation=MLB46220740&position=1&search_layout=stack&type=product&tracking_id=19e86d25-c62d-47f9-86c9-bc05917ef0f2&c_container_id=MLB779362-1&c_id=%2Fsplinter%2Fcarouseldynamicitem&c_element_order=1&c_campaign=ofertas-para-comprar-agora-%F0%9F%94%A5&c_label=%2Fsplinter%2Fcarouseldynamicitem&c_uid=e38e0de7-771d-11f0-ac36-bbbcd68fa089&c_element_id=e38e0de7-771d-11f0-ac36-bbbcd68fa089&c_global_position=7&deal_print_id=e3989530-771d-11f0-928d-1bafc933fb91&c_tracking_id=e3989530-771d-11f0-928d-1bafc933fb91	https://http2.mlstatic.com/D_Q_NP_996894-MLA82329429372_022025-P.webp	Mercado Livre	2025-08-11 00:00:00
238	Tablet Samsung Tab A9+ 64gb 4gb Ram - 5G - Enterprise Edition Tela 11.0" X216 Grafit	599,20	https://www.mercadolivre.com.br/tablet-samsung-tab-a9-64gb-4gb-ram-5g-enterprise-edition-tela-110-x216-grafit/p/MLB28532152?pdp_filters=deal:MLB779362-1#wid=MLB3556713037&sid=search&searchVariation=MLB28532152&position=2&search_layout=stack&type=product&tracking_id=19e86d25-c62d-47f9-86c9-bc05917ef0f2&c_container_id=MLB779362-1&c_id=%2Fsplinter%2Fcarouseldynamicitem&c_element_order=2&c_campaign=ofertas-para-comprar-agora-%F0%9F%94%A5&c_label=%2Fsplinter%2Fcarouseldynamicitem&c_uid=e38e0de8-771d-11f0-ac36-bbbcd68fa089&c_element_id=e38e0de8-771d-11f0-ac36-bbbcd68fa089&c_global_position=7&deal_print_id=e3989530-771d-11f0-928d-1bafc933fb91&c_tracking_id=e3989530-771d-11f0-928d-1bafc933fb91	https://http2.mlstatic.com/D_Q_NP_819017-MLA88497104738_072025-P.webp	Mercado Livre	2025-08-11 00:00:00
240	Notebook Asus Vivobook Go 15 E1504fa Amd Ryzen 5 7520u 16gb Ram 512gb Ssd Linux Keepos Tela 15,6 Led Fhd Black - Nj1288	1.219,00	https://www.mercadolivre.com.br/notebook-asus-vivobook-go-15-e1504fa-amd-ryzen-5-7520u-16gb-ram-512gb-ssd-linux-keepos-tela-156-led-fhd-black-nj1288/p/MLB43417665?pdp_filters=deal:MLB779362-1#wid=MLB3914161563&sid=search&searchVariation=MLB43417665&position=4&search_layout=stack&type=product&tracking_id=19e86d25-c62d-47f9-86c9-bc05917ef0f2&c_container_id=MLB779362-1&c_id=%2Fsplinter%2Fcarouseldynamicitem&c_element_order=4&c_campaign=ofertas-para-comprar-agora-%F0%9F%94%A5&c_label=%2Fsplinter%2Fcarouseldynamicitem&c_uid=e38e0dea-771d-11f0-ac36-bbbcd68fa089&c_element_id=e38e0dea-771d-11f0-ac36-bbbcd68fa089&c_global_position=7&deal_print_id=e3989530-771d-11f0-928d-1bafc933fb91&c_tracking_id=e3989530-771d-11f0-928d-1bafc933fb91	https://http2.mlstatic.com/D_Q_NP_998776-MLA80555147368_112024-P.webp	Mercado Livre	2025-08-11 00:00:00
241	Microfone Hollyland Lark M2 Duo Combo Duplo Para 2 Pessoas USB-C, Lightning e Camera preto	949,00	https://www.mercadolivre.com.br/microfone-hollyland-lark-m2-duo-combo-duplo-para-2-pessoas-usb-c-lightning-e-camera-preto/p/MLB34016199?pdp_filters=deal:MLB779362-1#wid=MLB4988379390&sid=search&searchVariation=MLB34016199&position=5&search_layout=stack&type=product&tracking_id=19e86d25-c62d-47f9-86c9-bc05917ef0f2&c_container_id=MLB779362-1&c_id=%2Fsplinter%2Fcarouseldynamicitem&c_element_order=5&c_campaign=ofertas-para-comprar-agora-%F0%9F%94%A5&c_label=%2Fsplinter%2Fcarouseldynamicitem&c_uid=e38e0deb-771d-11f0-ac36-bbbcd68fa089&c_element_id=e38e0deb-771d-11f0-ac36-bbbcd68fa089&c_global_position=7&deal_print_id=e3989530-771d-11f0-928d-1bafc933fb91&c_tracking_id=e3989530-771d-11f0-928d-1bafc933fb91	https://http2.mlstatic.com/D_Q_NP_947018-MLU74678147031_022024-P.webp	Mercado Livre	2025-08-11 00:00:00
278	Notebook Lenovo LOQ-e 15IAX9E Intel Core i5-12450HX 16GB 512GB SSD RTX 3050 Windows 11 15.6" - 83ME0007BR Luna Grey	4.899,00	https://www.amazon.com.br/Notebook-Lenovo-15IAX9E-i5-12450HX-Windows/dp/B0DSXN1XBL?pd_rd_w=1Mtug&content-id=amzn1.sym.828de3bf-2f14-4174-a8d7-8b6108724168&pf_rd_p=828de3bf-2f14-4174-a8d7-8b6108724168&pf_rd_r=NZPYQHGBX2PM46T9P9CV&pd_rd_wg=ObRIQ&pd_rd_r=d8059086-f745-419c-ad83-116d674354f8&pd_rd_i=B0DSXN1XBL	https://m.media-amazon.com/images/I/41YdMfnEL7L._SR480,440_.jpg	Amazon	2025-09-12 00:00:00
242	Impressora multifuncional cor Epson EcoTank L3250	2.899,00	https://www.mercadolivre.com.br/impressora-multifuncional-cor-epson-ecotank-l3250/p/MLB34229008?pdp_filters=deal:MLB779362-1#wid=MLB3907492825&sid=search&searchVariation=MLB34229008&position=13&search_layout=stack&type=product&tracking_id=34f36ce4-31e0-4a3d-b8ea-dda751cafe77&c_container_id=MLB779362-1&c_id=%2Fsplinter%2Fcarouseldynamicitem&c_element_order=2&c_campaign=ofertas-para-comprar-agora-%F0%9F%94%A5&c_label=%2Fsplinter%2Fcarouseldynamicitem&c_uid=8eee9948-7988-11f0-a1c0-452db6684892&c_element_id=8eee9948-7988-11f0-a1c0-452db6684892&c_global_position=7&deal_print_id=8ef7c100-7988-11f0-b855-4d085888a645&c_tracking_id=8ef7c100-7988-11f0-b855-4d085888a645	https://http2.mlstatic.com/D_Q_NP_620248-MLA87312087144_072025-P.webp	Mercado Livre	2025-08-14 00:00:00
244	Impressora multifuncional cor Epson L3250	2.999,00	https://www.mercadolivre.com.br/impressora-multifuncional-cor-epson-l3250/p/MLB18446929?pdp_filters=deal:MLB779362-1#wid=MLB4030732195&sid=search&searchVariation=MLB18446929&position=17&search_layout=stack&type=product&tracking_id=bf10bb23-abdf-4070-a88d-97a2ea9877b5&c_container_id=MLB779362-1&c_id=%2Fsplinter%2Fcarouseldynamicitem&c_element_order=5&c_campaign=ofertas-para-comprar-agora-%F0%9F%94%A5&c_label=%2Fsplinter%2Fcarouseldynamicitem&c_uid=41b2e72b-797a-11f0-845f-67a51d63abd0&c_element_id=41b2e72b-797a-11f0-845f-67a51d63abd0&c_global_position=7&deal_print_id=41b901a0-797a-11f0-aa50-35d02edbad30&c_tracking_id=41b901a0-797a-11f0-aa50-35d02edbad30	https://http2.mlstatic.com/D_Q_NP_984266-MLA48196101433_112021-P.webp	Mercado Livre	2025-08-14 00:00:00
243	Notebook Acer Aspire 15 555Q Intel Ci5 13gen 8gb 256ssd W11	1.087,00	https://www.mercadolivre.com.br/notebook-acer-aspire-15-555q-intel-ci5-13gen-8gb-256ssd-w11/p/MLB45574324?pdp_filters=deal:MLB779362-1#wid=MLB5273849678&sid=search&searchVariation=MLB45574324&position=4&search_layout=stack&type=product&tracking_id=34f36ce4-31e0-4a3d-b8ea-dda751cafe77&c_container_id=MLB779362-1&c_id=%2Fsplinter%2Fcarouseldynamicitem&c_element_order=4&c_campaign=ofertas-para-comprar-agora-%F0%9F%94%A5&c_label=%2Fsplinter%2Fcarouseldynamicitem&c_uid=8eee994a-7988-11f0-a1c0-452db6684892&c_element_id=8eee994a-7988-11f0-a1c0-452db6684892&c_global_position=7&deal_print_id=8ef7c100-7988-11f0-b855-4d085888a645&c_tracking_id=8ef7c100-7988-11f0-b855-4d085888a645	https://http2.mlstatic.com/D_Q_NP_987040-MLA81738374394_012025-P.webp	Mercado Livre	2025-08-14 00:00:00
282	Celular Samsung Galaxy A16 5G, 256GB + 8GB RAM, Cmera de at 50MP, Tela 6.7, NFC, IP54, Bateria 5000 mAh Azul Escuro	1.349,10	https://www.casasbahia.com.br/celular-samsung-galaxy-a16-5g-256gb-8gb-ram-camera-de-ate-50mp-tela-67-quot-nfc-ip54-bateria-5000-mah-azul-escuro/p/1570518796?IdLojista=228168&vtr_id=produtos_patrocinados&vtr_name=produtos+patrocinados	https://imgs.casasbahia.com.br/1570518796/1xg.jpg?imwidth=180	Casas Bahia	2025-09-12 00:00:00
265	Smartphone Xiaomi Redmi 13 256GB 8GB RAM Dual SIM Tela 6.79" - Azul	971,99	https://www.magazineluiza.com.br/smartphone-xiaomi-redmi-13-256gb-8gb-ram-dual-sim-tela-6-79-azul/p/dda1ahd40e/te/tcsp/?seller_id=mbgamez	https://a-static.mlcdn.com.br/280x210/smartphone-xiaomi-redmi-13-256gb-8gb-ram-dual-sim-tela-6-79-azul/mbgamez/6a785a78db6e11ef82fe4201ac18503c/51f5f6f6b15ebd865c724e7b709cb0b2.jpeg	Magazine Luiza	2025-09-09 00:00:00
248	Tablet Mirage 7 Pol 64gb 4gb ram Quad core wi-fi cor Preto 2022	1.798,59	https://www.mercadolivre.com.br/tablet-mirage-7-pol-64gb-4gb-ram-quad-core-wi-fi-cor-preto-2022/p/MLB28331783?pdp_filters=deal:MLB779362-1#wid=MLB3523156003&sid=search&searchVariation=MLB28331783&position=5&search_layout=stack&type=product&tracking_id=34f36ce4-31e0-4a3d-b8ea-dda751cafe77&c_container_id=MLB779362-1&c_id=%2Fsplinter%2Fcarouseldynamicitem&c_element_order=5&c_campaign=ofertas-para-comprar-agora-%F0%9F%94%A5&c_label=%2Fsplinter%2Fcarouseldynamicitem&c_uid=8eee994b-7988-11f0-a1c0-452db6684892&c_element_id=8eee994b-7988-11f0-a1c0-452db6684892&c_global_position=7&deal_print_id=8ef7c100-7988-11f0-b855-4d085888a645&c_tracking_id=8ef7c100-7988-11f0-b855-4d085888a645	https://http2.mlstatic.com/D_Q_NP_851269-MLU77366116773_072024-P.webp	Mercado Livre	2025-08-15 00:00:00
250	Tablet Positivo Vision Tab 10 4gb Ram 128gb Armazenamento, Octa-core, 13mp + Selfie 5mp, Bateria 6000mah, Tela 10.1 Hd, Wifi Ac E 4g, Full Lamination	3.199,00	https://www.mercadolivre.com.br/tablet-positivo-vision-tab-10-4gb-ram-128gb-armazenamento-octa-core-13mp-selfie-5mp-bateria-6000mah-tela-101-hd-wifi-ac-e-4g-full-lamination/p/MLB42191536?pdp_filters=deal:MLB779362-1#wid=MLB3980884047&sid=search&searchVariation=MLB42191536&position=3&search_layout=stack&type=product&tracking_id=03ad6906-7b8d-4aa9-bfbc-ec69d0131eec&c_container_id=MLB779362-1&c_id=%2Fsplinter%2Fcarouseldynamicitem&c_element_order=3&c_campaign=ofertas-para-comprar-agora-%F0%9F%94%A5&c_label=%2Fsplinter%2Fcarouseldynamicitem&c_uid=9a953fa7-8212-11f0-9cf1-9975650224e6&c_element_id=9a953fa7-8212-11f0-9cf1-9975650224e6&c_global_position=5&deal_print_id=9a9cb9b0-8212-11f0-9cc5-554799347d43&c_tracking_id=9a9cb9b0-8212-11f0-9cc5-554799347d43	https://http2.mlstatic.com/D_Q_NP_822384-MLA90111234489_082025-P.webp	Mercado Livre	2025-08-25 00:00:00
239	Tab A9 64GB 4GB RAM Enterprise Edition Tela 8.7." X115 4G Grafite	4.398,00	https://www.mercadolivre.com.br/tab-a9-64gb-4gb-ram-enterprise-edition-tela-87-x115-4g-grafite/p/MLB29265490?pdp_filters=deal:MLB779362-1#wid=MLB4021441915&sid=search&searchVariation=MLB29265490&position=5&search_layout=stack&type=product&tracking_id=099e6a10-1cf6-4115-b2bb-c2396e6e547c&c_container_id=MLB779362-1&c_id=%2Fsplinter%2Fcarouseldynamicitem&c_element_order=5&c_campaign=ofertas-para-comprar-agora-%F0%9F%94%A5&c_label=%2Fsplinter%2Fcarouseldynamicitem&c_uid=85e7d279-8212-11f0-b5f0-8f164f8725fa&c_element_id=85e7d279-8212-11f0-b5f0-8f164f8725fa&c_global_position=5&deal_print_id=85eed750-8212-11f0-bc27-a76bfe01bb66&c_tracking_id=85eed750-8212-11f0-bc27-a76bfe01bb66	https://http2.mlstatic.com/D_Q_NP_677431-MLU77323209031_062024-P.webp	Mercado Livre	2025-08-11 00:00:00
246	Notebook Aspire GO 15 Ag15-71p-5405 Ci5 16gb 512gb Ssd Led Linux Acer	869,00	https://www.mercadolivre.com.br/notebook-aspire-go-15-ag15-71p-5405-ci5-16gb-512gb-ssd-led-linux-acer/p/MLB52935778?pdp_filters=deal:MLB779362-1#wid=MLB4144583607&sid=search&searchVariation=MLB52935778&position=10&search_layout=stack&type=product&tracking_id=2fbdb165-d40f-482d-879b-8fe04937e9ae&c_container_id=MLB779362-1&c_id=%2Fsplinter%2Fcarouseldynamicitem&c_element_order=5&c_campaign=ofertas-para-comprar-agora-%F0%9F%94%A5&c_label=%2Fsplinter%2Fcarouseldynamicitem&c_uid=14e9eb4b-797e-11f0-8839-858fc3e0fdb0&c_element_id=14e9eb4b-797e-11f0-8839-858fc3e0fdb0&c_global_position=7&deal_print_id=14f31300-797e-11f0-940f-d97e1ac62688&c_tracking_id=14f31300-797e-11f0-940f-d97e1ac62688	https://http2.mlstatic.com/D_Q_NP_644770-MLA88197867621_072025-P.webp	Mercado Livre	2025-08-14 00:00:00
283	Smartphone Motorola Edge 50 5G 512GB	2.124,15	https://www.casasbahia.com.br/smartphone-motorola-edge-50-5g-512gb/p/1574685105?IdLojista=212182&vtr_id=produtos_patrocinados&vtr_name=produtos+patrocinados	https://imgs.casasbahia.com.br/1574685105/1xg.jpg?imwidth=180	Casas Bahia	2025-09-12 00:00:00
245	Notebook Lenovo Ideapad 1 Intel Core i3 1215U 8GB RAM 256GB SSD Windows 11 Home Tela 15,6" 82VY000SBR	799,00	https://www.mercadolivre.com.br/notebook-lenovo-ideapad-1-intel-core-i3-1215u-8gb-ram-256gb-ssd-windows-11-home-tela-156-82vy000sbr/p/MLB30826763?pdp_filters=deal:MLB779362-1#wid=MLB3861236261&sid=search&searchVariation=MLB30826763&position=5&search_layout=stack&type=product&tracking_id=03ad6906-7b8d-4aa9-bfbc-ec69d0131eec&c_container_id=MLB779362-1&c_id=%2Fsplinter%2Fcarouseldynamicitem&c_element_order=5&c_campaign=ofertas-para-comprar-agora-%F0%9F%94%A5&c_label=%2Fsplinter%2Fcarouseldynamicitem&c_uid=9a953fa9-8212-11f0-9cf1-9975650224e6&c_element_id=9a953fa9-8212-11f0-9cf1-9975650224e6&c_global_position=5&deal_print_id=9a9cb9b0-8212-11f0-9cc5-554799347d43&c_tracking_id=9a9cb9b0-8212-11f0-9cc5-554799347d43	https://http2.mlstatic.com/D_Q_NP_980196-MLU74273698661_012024-P.webp	Mercado Livre	2025-08-14 00:00:00
251	Notebook Acer Vero AV15-53P-72JT Intel Core i7  1355U 13G 16GB 512GB SSD W11 15.6	3.199,00	https://www.mercadolivre.com.br/notebook-acer-vero-av15-53p-72jt-intel-core-i7-1355u-13g-16gb-512gb-ssd-w11-156/p/MLB47193650?pdp_filters=deal:MLB779362-1#wid=MLB5530408698&sid=search&searchVariation=MLB47193650&position=4&search_layout=stack&type=product&tracking_id=03ad6906-7b8d-4aa9-bfbc-ec69d0131eec&c_container_id=MLB779362-1&c_id=%2Fsplinter%2Fcarouseldynamicitem&c_element_order=4&c_campaign=ofertas-para-comprar-agora-%F0%9F%94%A5&c_label=%2Fsplinter%2Fcarouseldynamicitem&c_uid=9a953fa8-8212-11f0-9cf1-9975650224e6&c_element_id=9a953fa8-8212-11f0-9cf1-9975650224e6&c_global_position=5&deal_print_id=9a9cb9b0-8212-11f0-9cc5-554799347d43&c_tracking_id=9a9cb9b0-8212-11f0-9cc5-554799347d43	https://http2.mlstatic.com/D_Q_NP_940042-MLA82817002740_032025-P.webp	Mercado Livre	2025-08-25 00:00:00
266	Smartwatch Haylou Solar Ultra, GPS Integrado, Conexo Strava, Amoled 1.58" HF009, Bluetooth - Preto	398,90	https://www.magazineluiza.com.br/smartwatch-haylou-solar-ultra-gps-integrado-conexao-strava-amoled-1-58-hf009-bluetooth-preto/p/kc45fhabcb/te/smtw/?seller_id=gsmsilvaltdame	https://a-static.mlcdn.com.br/280x210/smartwatch-haylou-solar-ultra-gps-integrado-conexao-strava-amoled-1-58-hf009-bluetooth-preto/gsmsilvaltdame/6fc8761e79c211f09e2d42010a480899/5f824f2deaf0a9769c876af29e8c484e.jpeg	Magazine Luiza	2025-09-09 00:00:00
291	Kit Mini Antena Starlink Internet via Satlite	799,00	https://www.amazon.com.br/starlink-Mini-Kit-V4/dp/B0DH3PLZ6N?pd_rd_w=fFlOf&content-id=amzn1.sym.828de3bf-2f14-4174-a8d7-8b6108724168&pf_rd_p=828de3bf-2f14-4174-a8d7-8b6108724168&pf_rd_r=JPA07QDFA18V8NYEDH4P&pd_rd_wg=cWrDK&pd_rd_r=94b566a3-dd23-44bc-b9d9-61d5b4ed0f7b&pd_rd_i=B0DH3PLZ6N	https://m.media-amazon.com/images/I/21VkdoTb1tL._SR480,440_.jpg	Amazon	2025-10-24 00:00:00
263	Power Bank Baseus 6000mAh Sem Fio Carregador Magntico 15W Carga Rpida 20W PD, Compacto e Porttil para Smartphones	230,57	https://www.magazineluiza.com.br/power-bank-baseus-6000mah-sem-fio-carregador-magnetico-15w-carga-rapida-20w-pd-compacto-e-portatil-para-smartphones/p/aa3e86jg2e/te/cdcl/?ads=patrocinado&seller_id=baseusbrasiloficial	https://a-static.mlcdn.com.br/280x210/power-bank-baseus-6000mah-sem-fio-carregador-magnetico-15w-carga-rapida-20w-pd-compacto-e-portatil-para-smartphones/baseusbrasiloficial/p10059002113-00/bff9ba777bb6ad6b9c6f88476fbfd41f.jpeg	Magazine Luiza	2025-09-09 00:00:00
292	Samsonite Mochila Guard It 2.0 Preta 15"	269,00	https://www.amazon.com.br/MOCHILA-SAMSONITE-GUARD-2-0-PRETO/dp/B07KYSH6BS?pd_rd_w=fFlOf&content-id=amzn1.sym.828de3bf-2f14-4174-a8d7-8b6108724168&pf_rd_p=828de3bf-2f14-4174-a8d7-8b6108724168&pf_rd_r=JPA07QDFA18V8NYEDH4P&pd_rd_wg=cWrDK&pd_rd_r=94b566a3-dd23-44bc-b9d9-61d5b4ed0f7b&pd_rd_i=B07KYSH6BS	https://m.media-amazon.com/images/I/31T-oAhMKVL._SR480,440_.jpg	Amazon	2025-10-24 00:00:00
284	Smartphone Motorola Edge 60 PRO 5G - 512GB 24GB (12GB RAM+12GB Ram Boost) Tela Quad-Curve moto AI 50MP Sony Camera ultrarresistencia militar IP68+IP69	3.240,00	https://www.casasbahia.com.br/smartphone-motorola-edge-60-pro-5g-512gb-24gb-12gb-ram-12gb-ram-boost-tela-quad-curve-moto-ai-50mp-sony-camera-ultrarresistencia-militar-ip68-ip69/p/1572253980?IdLojista=212182&vtr_id=produtos_patrocinados&vtr_name=produtos+patrocinados	https://imgs.casasbahia.com.br/1572253980/1xg.jpg?imwidth=180	Casas Bahia	2025-09-12 00:00:00
279	Power Bank 20000mah Porttil Carga Rpida 22.5w Com Display	13868,68	https://produto.mercadolivre.com.br/MLB-5202493040-power-bank-20000mah-portatil-carga-rapida-225w-com-display-_JM?searchVariation=186247566899#searchVariation=186247566899&position=17&search_layout=stack&type=item&tracking_id=cf550a7a-5a19-45ec-94f1-ecc88c720a95&c_container_id=MLB779362-1&c_id=%2Fsplinter%2Fcarouseldynamicitem&c_element_order=1&c_campaign=ofertas-para-comprar-agora-%F0%9F%94%A5&c_label=%2Fsplinter%2Fcarouseldynamicitem&c_uid=f40ea8f4-9045-11f0-8d98-4b8991ebb883&c_element_id=f40ea8f4-9045-11f0-8d98-4b8991ebb883&c_global_position=5&deal_print_id=f3d48620-9045-11f0-860a-55128ac6ad1e&c_tracking_id=f3d48620-9045-11f0-860a-55128ac6ad1e	https://http2.mlstatic.com/D_Q_NP_654392-MLB89076846973_072025-P.webp	Mercado Livre	2025-09-12 00:00:00
252	Mochila Viagem Feminina Masculina Para Notebook Executiva	138,48	https://produto.mercadolivre.com.br/MLB-5234223820-mochila-viagem-feminina-masculina-para-notebook-executiva-_JM?searchVariation=182613015694#searchVariation=182613015694&position=18&search_layout=stack&type=item&tracking_id=cf550a7a-5a19-45ec-94f1-ecc88c720a95&c_container_id=MLB779362-1&c_id=%2Fsplinter%2Fcarouseldynamicitem&c_element_order=2&c_campaign=ofertas-para-comprar-agora-%F0%9F%94%A5&c_label=%2Fsplinter%2Fcarouseldynamicitem&c_uid=f40ea8f5-9045-11f0-8d98-4b8991ebb883&c_element_id=f40ea8f5-9045-11f0-8d98-4b8991ebb883&c_global_position=5&deal_print_id=f3d48620-9045-11f0-860a-55128ac6ad1e&c_tracking_id=f3d48620-9045-11f0-860a-55128ac6ad1e	https://http2.mlstatic.com/D_Q_NP_681321-MLB81603434831_122024-P.webp	Mercado Livre	2025-08-25 00:00:00
280	Notebook Dell Inspiron I15-i120k-a35p I5 16gb 1tb 15.6 W11	779,00	https://www.mercadolivre.com.br/notebook-dell-inspiron-i15-i120k-a35p-i5-16gb-1tb-156-w11/p/MLB37650721?pdp_filters=deal:MLB779362-1#searchVariation=MLB37650721&position=3&search_layout=stack&type=product&tracking_id=cf550a7a-5a19-45ec-94f1-ecc88c720a95&c_container_id=MLB779362-1&c_id=%2Fsplinter%2Fcarouseldynamicitem&c_element_order=5&c_campaign=ofertas-para-comprar-agora-%F0%9F%94%A5&c_label=%2Fsplinter%2Fcarouseldynamicitem&c_uid=f40ea8f8-9045-11f0-8d98-4b8991ebb883&c_element_id=f40ea8f8-9045-11f0-8d98-4b8991ebb883&c_global_position=5&deal_print_id=f3d48620-9045-11f0-860a-55128ac6ad1e&c_tracking_id=f3d48620-9045-11f0-860a-55128ac6ad1e	https://http2.mlstatic.com/D_Q_NP_682715-MLU76925036775_062024-P.webp	Mercado Livre	2025-09-12 00:00:00
257	Apple iPhone 14 128GB iOS 5G Wi-Fi Tela 6.1" Cmera Dupla 12MP - Meia Noite	4.216,89	https://www.americanas.com.br/apple-iphone-14-128gb-ios-5g-wi-fi-tela-6-1-camera-dupla-12mp-meia-noite-5884145714/p	https://americanas.vtexassets.com/arquivos/ids/439178/5884146047_1SZ.jpg?v=638750823947000000	Americanas	2025-08-26 00:00:00
275	Notebook Dell Inspiron I15-I1300-A30P 15.6" Full HD 13 Gen Intel Core i5 8GB 512GB SSD Win 11 Preto Carbono	3.099,00	https://www.amazon.com.br/Notebook-Dell-Inspiron-I15-I1300-A30P-Carbono/dp/B0FHCHBRGF?pd_rd_w=0mxza&content-id=amzn1.sym.828de3bf-2f14-4174-a8d7-8b6108724168&pf_rd_p=828de3bf-2f14-4174-a8d7-8b6108724168&pf_rd_r=CQE2CHDRAHNJAW9FXCB6&pd_rd_wg=1RYJE&pd_rd_r=a2b5b995-a28d-4053-a720-fe3e406be5db&pd_rd_i=B0FHCHBRGF	https://m.media-amazon.com/images/I/41RxltBrAZL._SR480,440_.jpg	Amazon	2025-09-12 00:00:00
288	Impressora Multifuncional HP Smart Tank 584 color negro	14548,00	https://www.mercadolivre.com.br/impressora-multifuncional-hp-smart-tank-584-color-negro/p/MLB34801962?pdp_filters=deal:MLB779362-1#searchVariation=MLB34801962&position=1&search_layout=stack&type=product&tracking_id=cf550a7a-5a19-45ec-94f1-ecc88c720a95&c_container_id=MLB779362-1&c_id=%2Fsplinter%2Fcarouseldynamicitem&c_element_order=3&c_campaign=ofertas-para-comprar-agora-%F0%9F%94%A5&c_label=%2Fsplinter%2Fcarouseldynamicitem&c_uid=f40ea8f6-9045-11f0-8d98-4b8991ebb883&c_element_id=f40ea8f6-9045-11f0-8d98-4b8991ebb883&c_global_position=5&deal_print_id=f3d48620-9045-11f0-860a-55128ac6ad1e&c_tracking_id=f3d48620-9045-11f0-860a-55128ac6ad1e	https://http2.mlstatic.com/D_Q_NP_942527-MLU75603659168_042024-P.webp	Mercado Livre	2025-09-12 00:00:00
249	Notebook Lenovo Ideapad 1i Intel Core i5 - 1235U, 8GB RAM, 512GB SSD, Windows 11 Home, Tela 15,6'' HD - 82VY000QBR	2.899,00	https://www.mercadolivre.com.br/notebook-lenovo-ideapad-1i-intel-core-i5-1235u-8gb-ram-512gb-ssd-windows-11-home-tela-156-hd-82vy000qbr/p/MLB28131262?pdp_filters=deal:MLB779362-1#wid=MLB3838673021&sid=search&searchVariation=MLB28131262&position=2&search_layout=stack&type=product&tracking_id=03ad6906-7b8d-4aa9-bfbc-ec69d0131eec&c_container_id=MLB779362-1&c_id=%2Fsplinter%2Fcarouseldynamicitem&c_element_order=2&c_campaign=ofertas-para-comprar-agora-%F0%9F%94%A5&c_label=%2Fsplinter%2Fcarouseldynamicitem&c_uid=9a953fa6-8212-11f0-9cf1-9975650224e6&c_element_id=9a953fa6-8212-11f0-9cf1-9975650224e6&c_global_position=5&deal_print_id=9a9cb9b0-8212-11f0-9cc5-554799347d43&c_tracking_id=9a9cb9b0-8212-11f0-9cc5-554799347d43	https://http2.mlstatic.com/D_Q_NP_612240-MLU73056682168_112023-P.webp	Mercado Livre	2025-08-25 00:00:00
247	Notebook Lenovo Ideapad 1i Celeron Office 365 4gb 128gb W11	145,00	https://www.mercadolivre.com.br/notebook-lenovo-ideapad-1i-celeron-office-365-4gb-128gb-w11/p/MLB41491320?pdp_filters=deal:MLB779362-1#searchVariation=MLB41491320&position=2&search_layout=stack&type=product&tracking_id=cf550a7a-5a19-45ec-94f1-ecc88c720a95&c_container_id=MLB779362-1&c_id=%2Fsplinter%2Fcarouseldynamicitem&c_element_order=4&c_campaign=ofertas-para-comprar-agora-%F0%9F%94%A5&c_label=%2Fsplinter%2Fcarouseldynamicitem&c_uid=f40ea8f7-9045-11f0-8d98-4b8991ebb883&c_element_id=f40ea8f7-9045-11f0-8d98-4b8991ebb883&c_global_position=5&deal_print_id=f3d48620-9045-11f0-860a-55128ac6ad1e&c_tracking_id=f3d48620-9045-11f0-860a-55128ac6ad1e	https://http2.mlstatic.com/D_Q_NP_861564-MLA82198507735_012025-P.webp	Mercado Livre	2025-08-15 00:00:00
253	Apple iPhone 15 de 128GB - Preto	5.299,00	https://www.americanas.com.br/apple-iphone-15-de-128gb-preto-174n0p87924z7261/p	https://americanas.vtexassets.com/arquivos/ids/35831078/Apple-iPhone-15-de-128GB---Preto.jpg?v=638901883478870000	Americanas	2025-08-26 00:00:00
254	iPhone 13 Apple 128GB iOS 5G Wi-Fi Tela 6.1'' Cmera Dupla 12MP - Meia-Noite	4.579,00	https://www.americanas.com.br/iphone-13-apple-128gb-ios-5g-wi-fi-tela-6-1-camera-dupla-12mp-meia-noite-4864625497/p	https://americanas.vtexassets.com/arquivos/ids/543035/4864625500_1SZ.jpg?v=638750836071000000	Americanas	2025-08-26 00:00:00
255	Apple iPhone 16 128GB Ultramarino	6.279,00	https://www.americanas.com.br/apple-iphone-16-128gb-ultramarino-7510343862/p	https://americanas.vtexassets.com/arquivos/ids/461212/7510343863_1SZ.jpg?v=638822351217370000	Americanas	2025-08-26 00:00:00
264	Smartphone Motorola Edge 60 Fusion 5G 256GB 16GB (8GB RAM+8GB Ram Boost) 50MP Sony AI Camera IP68 NFC	2.197,62	https://www.magazineluiza.com.br/smartphone-motorola-edge-60-fusion-5g-256gb-16gb-8gb-ram-8gb-ram-boost-50mp-sony-ai-camera-ip68-nfc/p/fa041b4ej9/te/me6f/?seller_id=carrefouroficial	https://a-static.mlcdn.com.br/280x210/smartphone-motorola-edge-60-fusion-5g-256gb-16gb-8gb-ram-8gb-ram-boost-50mp-sony-ai-camera-ip68-nfc/carrefouroficial/900012966/b5a7ffd01a7d47f319ab08cc8ca3bb94.jpeg	Magazine Luiza	2025-09-09 00:00:00
293	Fonte Mancer Thunder 500W | 80 Plus Bronze | PFC Ativo | Protees OVP, OPP, OCP, SCP | MCR-THR500-BL01	207,86	https://www.amazon.com.br/Mancer-Thunder-Certifica%C3%A7%C3%A3o-Autom%C3%A1tico-100-240V/dp/B08PKV8PGC?pd_rd_w=fFlOf&content-id=amzn1.sym.828de3bf-2f14-4174-a8d7-8b6108724168&pf_rd_p=828de3bf-2f14-4174-a8d7-8b6108724168&pf_rd_r=JPA07QDFA18V8NYEDH4P&pd_rd_wg=cWrDK&pd_rd_r=94b566a3-dd23-44bc-b9d9-61d5b4ed0f7b&pd_rd_i=B08PKV8PGC	https://m.media-amazon.com/images/I/41Y7juXbb1L._SR480,440_.jpg	Amazon	2025-10-24 00:00:00
256	IPhone 15 Apple (256GB) Preto, Tela de 6,1, 5G e Cmera de 48 mp	4.882,89	https://www.americanas.com.br/iphone-15-apple-256gb-preto-tela-de-6-1-5g-e-camera-de-48-mp-7480882170/p	https://americanas.vtexassets.com/arquivos/ids/474124/7480882172_1_xlarge.jpg?v=638822353440870000	Americanas	2025-08-26 00:00:00
\.


--
-- Data for Name: tbl_usuarios; Type: TABLE DATA; Schema: public; Owner: postgres
--

COPY public.tbl_usuarios (id, nome, email, senha_hash, criado_em) FROM stdin;
\.


--
-- Name: categorias_id_seq; Type: SEQUENCE SET; Schema: public; Owner: postgres
--

SELECT pg_catalog.setval('public.categorias_id_seq', 7, true);


--
-- Name: historico_precos_id_seq; Type: SEQUENCE SET; Schema: public; Owner: postgres
--

SELECT pg_catalog.setval('public.historico_precos_id_seq', 1289, true);


--
-- Name: lojas_id_seq; Type: SEQUENCE SET; Schema: public; Owner: postgres
--

SELECT pg_catalog.setval('public.lojas_id_seq', 5, true);


--
-- Name: produtos_id_seq; Type: SEQUENCE SET; Schema: public; Owner: postgres
--

SELECT pg_catalog.setval('public.produtos_id_seq', 295, true);


--
-- Name: produtos_monitorados_id_seq; Type: SEQUENCE SET; Schema: public; Owner: postgres
--

SELECT pg_catalog.setval('public.produtos_monitorados_id_seq', 1, false);


--
-- Name: tbl_pagina_produto_id_seq; Type: SEQUENCE SET; Schema: public; Owner: postgres
--

SELECT pg_catalog.setval('public.tbl_pagina_produto_id_seq', 1, false);


--
-- Name: usuarios_id_seq; Type: SEQUENCE SET; Schema: public; Owner: postgres
--

SELECT pg_catalog.setval('public.usuarios_id_seq', 1, false);


--
-- Name: tbl_categorias_pdtos categorias_nome_key; Type: CONSTRAINT; Schema: public; Owner: postgres
--

ALTER TABLE ONLY public.tbl_categorias_pdtos
    ADD CONSTRAINT categorias_nome_key UNIQUE (nome);


--
-- Name: tbl_categorias_pdtos categorias_pkey; Type: CONSTRAINT; Schema: public; Owner: postgres
--

ALTER TABLE ONLY public.tbl_categorias_pdtos
    ADD CONSTRAINT categorias_pkey PRIMARY KEY (id);


--
-- Name: tbl_historico_precos_pdtos historico_precos_pkey; Type: CONSTRAINT; Schema: public; Owner: postgres
--

ALTER TABLE ONLY public.tbl_historico_precos_pdtos
    ADD CONSTRAINT historico_precos_pkey PRIMARY KEY (id);


--
-- Name: tbl_lojas lojas_nome_key; Type: CONSTRAINT; Schema: public; Owner: postgres
--

ALTER TABLE ONLY public.tbl_lojas
    ADD CONSTRAINT lojas_nome_key UNIQUE (nome);


--
-- Name: tbl_lojas lojas_pkey; Type: CONSTRAINT; Schema: public; Owner: postgres
--

ALTER TABLE ONLY public.tbl_lojas
    ADD CONSTRAINT lojas_pkey PRIMARY KEY (id);


--
-- Name: tbl_produtos_categorias produtos_categorias_pkey; Type: CONSTRAINT; Schema: public; Owner: postgres
--

ALTER TABLE ONLY public.tbl_produtos_categorias
    ADD CONSTRAINT produtos_categorias_pkey PRIMARY KEY (produto_id, categoria_id);


--
-- Name: tbl_pdtos_monitorados_usr produtos_monitorados_pkey; Type: CONSTRAINT; Schema: public; Owner: postgres
--

ALTER TABLE ONLY public.tbl_pdtos_monitorados_usr
    ADD CONSTRAINT produtos_monitorados_pkey PRIMARY KEY (id);


--
-- Name: tbl_produtos_tela_ini produtos_pkey; Type: CONSTRAINT; Schema: public; Owner: postgres
--

ALTER TABLE ONLY public.tbl_produtos_tela_ini
    ADD CONSTRAINT produtos_pkey PRIMARY KEY (id);


--
-- Name: tbl_pagina_produto tbl_pagina_produto_pkey; Type: CONSTRAINT; Schema: public; Owner: postgres
--

ALTER TABLE ONLY public.tbl_pagina_produto
    ADD CONSTRAINT tbl_pagina_produto_pkey PRIMARY KEY (id);


--
-- Name: tbl_usuarios usuarios_email_key; Type: CONSTRAINT; Schema: public; Owner: postgres
--

ALTER TABLE ONLY public.tbl_usuarios
    ADD CONSTRAINT usuarios_email_key UNIQUE (email);


--
-- Name: tbl_usuarios usuarios_pkey; Type: CONSTRAINT; Schema: public; Owner: postgres
--

ALTER TABLE ONLY public.tbl_usuarios
    ADD CONSTRAINT usuarios_pkey PRIMARY KEY (id);


--
-- Name: tbl_produtos_categorias produtos_categorias_categoria_id_fkey; Type: FK CONSTRAINT; Schema: public; Owner: postgres
--

ALTER TABLE ONLY public.tbl_produtos_categorias
    ADD CONSTRAINT produtos_categorias_categoria_id_fkey FOREIGN KEY (categoria_id) REFERENCES public.tbl_categorias_pdtos(id) ON DELETE CASCADE;


--
-- Name: tbl_produtos_categorias produtos_categorias_produto_id_fkey; Type: FK CONSTRAINT; Schema: public; Owner: postgres
--

ALTER TABLE ONLY public.tbl_produtos_categorias
    ADD CONSTRAINT produtos_categorias_produto_id_fkey FOREIGN KEY (produto_id) REFERENCES public.tbl_produtos_tela_ini(id) ON DELETE CASCADE;


--
-- Name: tbl_pdtos_monitorados_usr produtos_monitorados_produto_id_fkey; Type: FK CONSTRAINT; Schema: public; Owner: postgres
--

ALTER TABLE ONLY public.tbl_pdtos_monitorados_usr
    ADD CONSTRAINT produtos_monitorados_produto_id_fkey FOREIGN KEY (produto_id) REFERENCES public.tbl_produtos_tela_ini(id) ON DELETE CASCADE;


--
-- Name: tbl_pdtos_monitorados_usr produtos_monitorados_usuario_id_fkey; Type: FK CONSTRAINT; Schema: public; Owner: postgres
--

ALTER TABLE ONLY public.tbl_pdtos_monitorados_usr
    ADD CONSTRAINT produtos_monitorados_usuario_id_fkey FOREIGN KEY (usuario_id) REFERENCES public.tbl_usuarios(id) ON DELETE CASCADE;


--
-- PostgreSQL database dump complete
--

